"coleta","station_id","num_bikes_available","num_bikes_disabled","num_docks_available","num_docks_disabled","status","is_installed","is_renting","is_returning","tipos_bikes_disponiveis","last_reported","feed_last_updated"
"2026-10-04 22:19:09","1",4,0,13,0,"IN_SERVICE",true,true,true,"FIT:2|BATTLE:0|BOOST:0|MUVO:0|EFIT:2",1791162998,1791163121
"2026-10-04 22:19:09","2",7,0,11,1,"IN_SERVICE",true,true,true,"FIT:6|BATTLE:0|BOOST:0|MUVO:0|EFIT:1",1791163061,1791163121
"2026-10-04 22:19:09","3",3,1,13,0,"IN_SERVICE",true,true,true,"FIT:3|BATTLE:0|BOOST:0|MUVO:0|EFIT:0",1791162952,1791163121
"2026-10-04 22:19:09","4",12,0,5,0,"IN_SERVICE",true,true,true,"FIT:12|BATTLE:0|BOOST:0|MUVO:0|EFIT:0",1791162997,1791163121
"2026-10-04 22:19:09","5",13,0,10,0,"IN_SERVICE",true,true,true,"FIT:13|BATTLE:0|BOOST:0|MUVO:0|EFIT:0",1791162935,1791163121
"2026-10-04 22:19:09","6",7,0,11,1,"IN_SERVICE",true,true,true,"FIT:7|BATTLE:0|BOOST:0|MUVO:0|EFIT:0",1791163011,1791163121
"2026-10-04 22:19:09","7",1,0,18,0,"IN_SERVICE",true,true,true,"FIT:1|BATTLE:0|BOOST:0|MUVO:0|EFIT:0",1791163109,1791163121
"2026-10-04 22:19:09","8",12,0,11,0,"IN_SERVICE",true,true,true,"FIT:12|BATTLE:0|BOOST:0|MUVO:0|EFIT:0",1791162979,1791163121
"2026-10-04 22:19:09","9",2,0,21,0,"IN_SERVICE",true,true,true,"FIT:2|BATTLE:0|BOOST:0|MUVO:0|EFIT:0",1791163110,1791163121
"2026-10-04 22:19:09","10",12,0,7,0,"IN_SERVICE",true,true,true,"FIT:12|BATTLE:0|BOOST:0|MUVO:0|EFIT:0",1791163004,1791163121
"2026-10-04 22:19:09","11",15,1,1,0,"IN_SERVICE",true,true,true,"FIT:15|BATTLE:0|BOOST:0|MUVO:0|EFIT:0",1791162968,1791163121
"2026-10-04 22:19:09","12",14,1,4,0,"IN_SERVICE",true,true,true,"FIT:13|BATTLE:0|BOOST:0|MUVO:0|EFIT:1",1791163091,1791163121
"2026-10-04 22:19:09","14",4,1,18,0,"IN_SERVICE",true,true,true,"FIT:4|BATTLE:0|BOOST:0|MUVO:0|EFIT:0",1791162971,1791163121
"2026-10-04 22:19:09","15",1,0,14,0,"IN_SERVICE",true,true,true,"FIT:0|BATTLE:0|BOOST:0|MUVO:0|EFIT:1",1791163081,1791163121
"2026-10-04 22:19:09","16",4,1,18,0,"IN_SERVICE",true,true,true,"FIT:0|BATTLE:0|BOOST:0|MUVO:0|EFIT:4",1791162942,1791163121
"2026-10-04 22:19:09","17",14,0,5,0,"IN_SERVICE",true,true,true,"FIT:6|BATTLE:0|BOOST:0|MUVO:0|EFIT:8",1791163008,1791163121
"2026-10-04 22:19:09","18",10,0,5,0,"IN_SERVICE",true,true,true,"FIT:5|BATTLE:0|BOOST:0|MUVO:0|EFIT:5",1791163038,1791163121
"2026-10-04 22:19:09","19",0,0,11,0,"IN_SERVICE",true,true,true,"FIT:0|BATTLE:0|BOOST:0|MUVO:0|EFIT:0",1791163039,1791163121
"2026-10-04 22:19:09","20",16,2,4,1,"IN_SERVICE",true,true,true,"FIT:8|BATTLE:0|BOOST:0|MUVO:0|EFIT:8",1791162956,1791163121
"2026-10-04 22:19:09","21",10,2,4,0,"IN_SERVICE",true,true,true,"FIT:7|BATTLE:0|BOOST:0|MUVO:0|EFIT:3",1791163090,1791163121
"2026-10-04 22:19:09","22",1,1,13,0,"IN_SERVICE",true,true,true,"FIT:1|BATTLE:0|BOOST:0|MUVO:0|EFIT:0",1791162977,1791163121
"2026-10-04 22:19:09","23",12,1,7,0,"IN_SERVICE",true,true,true,"FIT:10|BATTLE:0|BOOST:0|MUVO:0|EFIT:2",1791162992,1791163121
"2026-10-04 22:19:09","24",10,2,11,0,"IN_SERVICE",true,true,true,"FIT:9|BATTLE:0|BOOST:0|MUVO:0|EFIT:1",1791163103,1791163121
"2026-10-04 22:19:09","25",7,1,12,0,"IN_SERVICE",true,true,true,"FIT:7|BATTLE:0|BOOST:0|MUVO:0|EFIT:0",1791163022,1791163121
"2026-10-04 22:19:09","26",10,0,13,0,"IN_SERVICE",true,true,true,"FIT:10|BATTLE:0|BOOST:0|MUVO:0|EFIT:0",1791163048,1791163121
"2026-10-04 22:19:09","27",10,8,12,1,"IN_SERVICE",true,true,true,"FIT:7|BATTLE:0|BOOST:0|MUVO:0|EFIT:3",1791163039,1791163121
"2026-10-04 22:19:09","28",22,5,2,0,"IN_SERVICE",true,true,true,"FIT:19|BATTLE:0|BOOST:0|MUVO:0|EFIT:3",1791162962,1791163121
"2026-10-04 22:19:09","30",2,0,14,1,"IN_SERVICE",true,true,true,"FIT:2|BATTLE:0|BOOST:0|MUVO:0|EFIT:0",1791162942,1791163121
"2026-10-04 22:19:09","31",12,1,18,0,"IN_SERVICE",true,true,true,"FIT:6|BATTLE:0|BOOST:0|MUVO:0|EFIT:6",1791163104,1791163121
"2026-10-04 22:19:09","32",25,1,1,0,"IN_SERVICE",true,true,true,"FIT:21|BATTLE:0|BOOST:0|MUVO:0|EFIT:4",1791162993,1791163121
"2026-10-04 22:19:09","33",6,1,5,0,"IN_SERVICE",true,true,true,"FIT:4|BATTLE:0|BOOST:0|MUVO:0|EFIT:2",1791163045,1791163121
"2026-10-04 22:19:09","34",26,1,4,0,"IN_SERVICE",true,true,true,"FIT:25|BATTLE:0|BOOST:0|MUVO:0|EFIT:1",1791162987,1791163121
"2026-10-04 22:19:09","35",2,0,33,0,"IN_SERVICE",true,true,true,"FIT:1|BATTLE:0|BOOST:0|MUVO:0|EFIT:1",1791163053,1791163121
"2026-10-04 22:19:09","36",9,0,6,0,"IN_SERVICE",true,true,true,"FIT:9|BATTLE:0|BOOST:0|MUVO:0|EFIT:0",1791163086,1791163121
"2026-10-04 22:19:09","37",8,0,7,0,"IN_SERVICE",true,true,true,"FIT:7|BATTLE:0|BOOST:0|MUVO:0|EFIT:1",1791162992,1791163121
"2026-10-04 22:19:09","38",11,0,20,0,"IN_SERVICE",true,true,true,"FIT:9|BATTLE:0|BOOST:0|MUVO:0|EFIT:2",1791162953,1791163121
"2026-10-04 22:19:09","39",6,1,5,0,"IN_SERVICE",true,true,true,"FIT:6|BATTLE:0|BOOST:0|MUVO:0|EFIT:0",1791163091,1791163121
"2026-10-04 22:19:09","40",5,3,11,0,"IN_SERVICE",true,true,true,"FIT:2|BATTLE:0|BOOST:0|MUVO:0|EFIT:3",1791163086,1791163121
"2026-10-04 22:19:09","41",3,0,16,0,"IN_SERVICE",true,true,true,"FIT:2|BATTLE:0|BOOST:0|MUVO:0|EFIT:1",1791162962,1791163121
"2026-10-04 22:19:09","42",3,0,16,0,"IN_SERVICE",true,true,true,"FIT:3|BATTLE:0|BOOST:0|MUVO:0|EFIT:0",1791163085,1791163121
"2026-10-04 22:19:09","43",11,1,5,0,"IN_SERVICE",true,true,true,"FIT:11|BATTLE:0|BOOST:0|MUVO:0|EFIT:0",1791162950,1791163121
"2026-10-04 22:19:09","44",10,1,8,0,"IN_SERVICE",true,true,true,"FIT:4|BATTLE:0|BOOST:0|MUVO:0|EFIT:6",1791163114,1791163121
"2026-10-04 22:19:09","45",7,2,10,0,"IN_SERVICE",true,true,true,"FIT:6|BATTLE:0|BOOST:0|MUVO:0|EFIT:1",1791162995,1791163121
"2026-10-04 22:19:09","46",3,4,17,0,"IN_SERVICE",true,true,true,"FIT:2|BATTLE:0|BOOST:0|MUVO:0|EFIT:1",1791163081,1791163121
"2026-10-04 22:19:09","47",6,1,8,0,"IN_SERVICE",true,true,true,"FIT:6|BATTLE:0|BOOST:0|MUVO:0|EFIT:0",1791163066,1791163121
"2026-10-04 22:19:09","48",4,3,12,0,"IN_SERVICE",true,true,true,"FIT:4|BATTLE:0|BOOST:0|MUVO:0|EFIT:0",1791162945,1791163121
"2026-10-04 22:19:09","49",2,0,12,0,"IN_SERVICE",true,true,true,"FIT:2|BATTLE:0|BOOST:0|MUVO:0|EFIT:0",1791163119,1791163121
"2026-10-04 22:19:09","50",1,0,21,1,"IN_SERVICE",true,true,true,"FIT:0|BATTLE:0|BOOST:0|MUVO:0|EFIT:1",1791162956,1791163121
"2026-10-04 22:19:09","51",13,0,3,1,"IN_SERVICE",true,true,true,"FIT:13|BATTLE:0|BOOST:0|MUVO:0|EFIT:0",1791163008,1791163121
"2026-10-04 22:19:09","52",3,0,11,1,"IN_SERVICE",true,true,true,"FIT:3|BATTLE:0|BOOST:0|MUVO:0|EFIT:0",1791163046,1791163121
"2026-10-04 22:19:09","53",2,0,9,0,"IN_SERVICE",true,true,true,"FIT:2|BATTLE:0|BOOST:0|MUVO:0|EFIT:0",1791162992,1791163121
"2026-10-04 22:19:09","54",7,0,12,0,"IN_SERVICE",true,true,true,"FIT:7|BATTLE:0|BOOST:0|MUVO:0|EFIT:0",1791162991,1791163121
"2026-10-04 22:19:09","55",2,0,15,0,"IN_SERVICE",true,true,true,"FIT:2|BATTLE:0|BOOST:0|MUVO:0|EFIT:0",1791162975,1791163121
"2026-10-04 22:19:09","56",18,1,4,0,"IN_SERVICE",true,true,true,"FIT:18|BATTLE:0|BOOST:0|MUVO:0|EFIT:0",1791162972,1791163121
"2026-10-04 22:19:09","57",10,0,5,0,"IN_SERVICE",true,true,true,"FIT:10|BATTLE:0|BOOST:0|MUVO:0|EFIT:0",1791162964,1791163121
"2026-10-04 22:19:09","58",5,0,17,1,"IN_SERVICE",true,true,true,"FIT:5|BATTLE:0|BOOST:0|MUVO:0|EFIT:0",1791163021,1791163121
"2026-10-04 22:19:09","59",0,0,11,0,"IN_SERVICE",true,true,true,"FIT:0|BATTLE:0|BOOST:0|MUVO:0|EFIT:0",1791163112,1791163121
"2026-10-04 22:19:09","60",13,0,2,0,"IN_SERVICE",true,true,true,"FIT:13|BATTLE:0|BOOST:0|MUVO:0|EFIT:0",1791163106,1791163121
"2026-10-04 22:19:09","61",8,0,9,0,"IN_SERVICE",true,true,true,"FIT:8|BATTLE:0|BOOST:0|MUVO:0|EFIT:0",1791163013,1791163121
"2026-10-04 22:19:09","62",5,1,9,0,"IN_SERVICE",true,true,true,"FIT:5|BATTLE:0|BOOST:0|MUVO:0|EFIT:0",1791163108,1791163121
"2026-10-04 22:19:09","63",11,0,3,0,"IN_SERVICE",true,true,true,"FIT:11|BATTLE:0|BOOST:0|MUVO:0|EFIT:0",1791163079,1791163121
"2026-10-04 22:19:09","64",6,1,12,0,"IN_SERVICE",true,true,true,"FIT:6|BATTLE:0|BOOST:0|MUVO:0|EFIT:0",1791163045,1791163121
"2026-10-04 22:19:09","65",10,0,12,1,"IN_SERVICE",true,true,true,"FIT:10|BATTLE:0|BOOST:0|MUVO:0|EFIT:0",1791163118,1791163121
"2026-10-04 22:19:09","66",5,0,6,0,"IN_SERVICE",true,true,true,"FIT:5|BATTLE:0|BOOST:0|MUVO:0|EFIT:0",1791163053,1791163121
"2026-10-04 22:19:09","67",9,0,6,0,"IN_SERVICE",true,true,true,"FIT:8|BATTLE:0|BOOST:0|MUVO:0|EFIT:1",1791162953,1791163121
"2026-10-04 22:19:09","68",18,1,4,0,"IN_SERVICE",true,true,true,"FIT:17|BATTLE:0|BOOST:0|MUVO:0|EFIT:1",1791162992,1791163121
"2026-10-04 22:19:09","69",15,0,8,0,"IN_SERVICE",true,true,true,"FIT:12|BATTLE:0|BOOST:0|MUVO:0|EFIT:3",1791162973,1791163121
"2026-10-04 22:19:09","70",16,1,6,0,"IN_SERVICE",true,true,true,"FIT:10|BATTLE:0|BOOST:0|MUVO:0|EFIT:6",1791163013,1791163121
"2026-10-04 22:19:09","71",12,0,7,0,"IN_SERVICE",true,true,true,"FIT:12|BATTLE:0|BOOST:0|MUVO:0|EFIT:0",1791163003,1791163121
"2026-10-04 22:19:09","73",6,0,17,0,"IN_SERVICE",true,true,true,"FIT:3|BATTLE:0|BOOST:0|MUVO:0|EFIT:3",1791163082,1791163121
"2026-10-04 22:19:09","74",12,1,2,4,"IN_SERVICE",true,true,true,"FIT:8|BATTLE:0|BOOST:0|MUVO:0|EFIT:4",1791163012,1791163121
"2026-10-04 22:19:09","75",13,1,1,0,"IN_SERVICE",true,true,true,"FIT:10|BATTLE:0|BOOST:0|MUVO:0|EFIT:3",1791162964,1791163121
"2026-10-04 22:19:09","76",1,1,17,0,"IN_SERVICE",true,true,true,"FIT:1|BATTLE:0|BOOST:0|MUVO:0|EFIT:0",1791163003,1791163121
"2026-10-04 22:19:09","77",3,0,14,0,"IN_SERVICE",true,true,true,"FIT:3|BATTLE:0|BOOST:0|MUVO:0|EFIT:0",1791163102,1791163121
"2026-10-04 22:19:09","78",7,3,1,0,"IN_SERVICE",true,true,true,"FIT:6|BATTLE:0|BOOST:0|MUVO:0|EFIT:1",1791162941,1791163121
"2026-10-04 22:19:09","79",4,0,5,1,"IN_SERVICE",true,true,true,"FIT:4|BATTLE:0|BOOST:0|MUVO:0|EFIT:0",1791084643,1791163121
"2026-10-04 22:19:09","80",13,2,3,0,"IN_SERVICE",true,true,true,"FIT:13|BATTLE:0|BOOST:0|MUVO:0|EFIT:0",1791162992,1791163121
"2026-10-04 22:19:09","81",3,2,11,0,"IN_SERVICE",true,true,true,"FIT:3|BATTLE:0|BOOST:0|MUVO:0|EFIT:0",1791163104,1791163121
"2026-10-04 22:19:09","82",6,3,19,1,"IN_SERVICE",true,true,true,"FIT:5|BATTLE:0|BOOST:0|MUVO:0|EFIT:1",1791163104,1791163121
"2026-10-04 22:19:09","83",9,2,17,3,"IN_SERVICE",true,true,true,"FIT:8|BATTLE:0|BOOST:0|MUVO:0|EFIT:1",1791163013,1791163121
"2026-10-04 22:19:09","84",6,1,8,0,"IN_SERVICE",true,true,true,"FIT:6|BATTLE:0|BOOST:0|MUVO:0|EFIT:0",1791163005,1791163121
"2026-10-04 22:19:09","85",6,1,16,0,"IN_SERVICE",true,true,true,"FIT:4|BATTLE:0|BOOST:0|MUVO:0|EFIT:2",1791162988,1791163121
"2026-10-04 22:19:09","86",22,0,12,1,"IN_SERVICE",true,true,true,"FIT:21|BATTLE:0|BOOST:0|MUVO:0|EFIT:1",1791162941,1791163121
"2026-10-04 22:19:09","87",0,1,18,0,"IN_SERVICE",true,true,true,"FIT:0|BATTLE:0|BOOST:0|MUVO:0|EFIT:0",1791163103,1791163121
"2026-10-04 22:19:09","88",10,0,9,0,"IN_SERVICE",true,true,true,"FIT:7|BATTLE:0|BOOST:0|MUVO:0|EFIT:3",1791163072,1791163121
"2026-10-04 22:19:09","89",13,1,1,1,"IN_SERVICE",true,true,true,"FIT:8|BATTLE:0|BOOST:0|MUVO:0|EFIT:5",1791163086,1791163121
"2026-10-04 22:19:09","90",9,1,2,0,"IN_SERVICE",true,true,true,"FIT:9|BATTLE:0|BOOST:0|MUVO:0|EFIT:0",1791162947,1791163121
"2026-10-04 22:19:09","91",1,0,10,0,"IN_SERVICE",true,true,true,"FIT:1|BATTLE:0|BOOST:0|MUVO:0|EFIT:0",1791163063,1791163121
"2026-10-04 22:19:09","92",12,0,3,0,"IN_SERVICE",true,true,true,"FIT:9|BATTLE:0|BOOST:0|MUVO:0|EFIT:3",1791163036,1791163121
"2026-10-04 22:19:09","93",8,1,5,1,"IN_SERVICE",true,true,true,"FIT:5|BATTLE:0|BOOST:0|MUVO:0|EFIT:3",1791163021,1791163121
"2026-10-04 22:19:09","94",14,0,1,0,"IN_SERVICE",true,true,true,"FIT:11|BATTLE:0|BOOST:0|MUVO:0|EFIT:3",1791162950,1791163121
"2026-10-04 22:19:09","95",16,0,1,0,"IN_SERVICE",true,true,true,"FIT:15|BATTLE:0|BOOST:0|MUVO:0|EFIT:1",1791162950,1791163121
"2026-10-04 22:19:09","96",13,2,3,0,"IN_SERVICE",true,true,true,"FIT:11|BATTLE:0|BOOST:0|MUVO:0|EFIT:2",1791163030,1791163121
"2026-10-04 22:19:09","97",11,0,4,0,"IN_SERVICE",true,true,true,"FIT:6|BATTLE:0|BOOST:0|MUVO:0|EFIT:5",1791162966,1791163121
"2026-10-04 22:19:09","98",12,0,2,0,"IN_SERVICE",true,true,true,"FIT:7|BATTLE:0|BOOST:0|MUVO:0|EFIT:5",1791149976,1791163121
"2026-10-04 22:19:09","99",9,1,1,0,"IN_SERVICE",true,true,true,"FIT:3|BATTLE:0|BOOST:0|MUVO:0|EFIT:6",1791163057,1791163121
"2026-10-04 22:19:09","100",6,2,4,0,"IN_SERVICE",true,true,true,"FIT:5|BATTLE:0|BOOST:0|MUVO:0|EFIT:1",1791162954,1791163121
"2026-10-04 22:19:09","101",16,1,2,0,"IN_SERVICE",true,true,true,"FIT:15|BATTLE:0|BOOST:0|MUVO:0|EFIT:1",1791162987,1791163121
"2026-10-04 22:19:09","102",5,2,20,0,"IN_SERVICE",true,true,true,"FIT:4|BATTLE:0|BOOST:0|MUVO:0|EFIT:1",1791162954,1791163121
"2026-10-04 22:19:09","103",11,0,4,0,"IN_SERVICE",true,true,true,"FIT:7|BATTLE:0|BOOST:0|MUVO:0|EFIT:4",1791163050,1791163121
"2026-10-04 22:19:09","104",10,0,1,0,"IN_SERVICE",true,true,true,"FIT:9|BATTLE:0|BOOST:0|MUVO:0|EFIT:1",1791163110,1791163121
"2026-10-04 22:19:09","105",3,1,12,0,"IN_SERVICE",true,true,true,"FIT:2|BATTLE:0|BOOST:0|MUVO:0|EFIT:1",1791163012,1791163121
"2026-10-04 22:19:09","107",3,2,14,0,"IN_SERVICE",true,true,true,"FIT:2|BATTLE:0|BOOST:0|MUVO:0|EFIT:1",1791163120,1791163121
"2026-10-04 22:19:09","109",7,0,28,0,"IN_SERVICE",true,true,true,"FIT:5|BATTLE:0|BOOST:0|MUVO:0|EFIT:2",1791163103,1791163121
"2026-10-04 22:19:09","111",13,0,6,0,"IN_SERVICE",true,true,true,"FIT:10|BATTLE:0|BOOST:0|MUVO:0|EFIT:3",1791163090,1791163121
"2026-10-04 22:19:09","112",11,0,8,0,"IN_SERVICE",true,true,true,"FIT:9|BATTLE:0|BOOST:0|MUVO:0|EFIT:2",1791163049,1791163121
"2026-10-04 22:19:09","113",0,0,15,0,"IN_SERVICE",true,true,true,"FIT:0|BATTLE:0|BOOST:0|MUVO:0|EFIT:0",1791162957,1791163121
"2026-10-04 22:19:09","114",1,0,20,0,"IN_SERVICE",true,true,true,"FIT:0|BATTLE:0|BOOST:0|MUVO:0|EFIT:1",1791163006,1791163121
"2026-10-04 22:19:09","116",16,3,0,0,"IN_SERVICE",true,true,true,"FIT:16|BATTLE:0|BOOST:0|MUVO:0|EFIT:0",1791163119,1791163121
"2026-10-04 22:19:09","117",23,1,3,0,"IN_SERVICE",true,true,true,"FIT:20|BATTLE:0|BOOST:0|MUVO:0|EFIT:3",1791162971,1791163121
"2026-10-04 22:19:09","118",1,0,14,0,"IN_SERVICE",true,true,true,"FIT:1|BATTLE:0|BOOST:0|MUVO:0|EFIT:0",1791152266,1791163121
"2026-10-04 22:19:09","119",5,0,6,0,"IN_SERVICE",true,true,true,"FIT:5|BATTLE:0|BOOST:0|MUVO:0|EFIT:0",1791163067,1791163121
"2026-10-04 22:19:09","120",16,0,7,0,"IN_SERVICE",true,true,true,"FIT:16|BATTLE:0|BOOST:0|MUVO:0|EFIT:0",1791162969,1791163121
"2026-10-04 22:19:09","121",7,0,16,0,"IN_SERVICE",true,true,true,"FIT:7|BATTLE:0|BOOST:0|MUVO:0|EFIT:0",1791162986,1791163121
"2026-10-04 22:19:09","122",12,1,10,0,"IN_SERVICE",true,true,true,"FIT:10|BATTLE:0|BOOST:0|MUVO:0|EFIT:2",1791162953,1791163121
"2026-10-04 22:19:09","123",7,1,6,0,"IN_SERVICE",true,true,true,"FIT:7|BATTLE:0|BOOST:0|MUVO:0|EFIT:0",1791163012,1791163121
"2026-10-04 22:19:09","124",5,4,6,0,"IN_SERVICE",true,true,true,"FIT:2|BATTLE:0|BOOST:0|MUVO:0|EFIT:3",1791162974,1791163121
"2026-10-04 22:19:09","125",18,1,0,0,"IN_SERVICE",true,true,true,"FIT:13|BATTLE:0|BOOST:0|MUVO:0|EFIT:5",1791163062,1791163121
"2026-10-04 22:19:09","126",4,3,8,0,"IN_SERVICE",true,true,true,"FIT:4|BATTLE:0|BOOST:0|MUVO:0|EFIT:0",1791162994,1791163121
"2026-10-04 22:19:09","127",0,0,14,1,"IN_SERVICE",true,true,true,"FIT:0|BATTLE:0|BOOST:0|MUVO:0|EFIT:0",1791163020,1791163121
"2026-10-04 22:19:09","128",6,0,13,0,"IN_SERVICE",true,true,true,"FIT:6|BATTLE:0|BOOST:0|MUVO:0|EFIT:0",1791162980,1791163121
"2026-10-04 22:19:09","129",3,0,8,0,"IN_SERVICE",true,true,true,"FIT:3|BATTLE:0|BOOST:0|MUVO:0|EFIT:0",1791162941,1791163121
"2026-10-04 22:19:09","131",1,0,21,1,"IN_SERVICE",true,true,true,"FIT:1|BATTLE:0|BOOST:0|MUVO:0|EFIT:0",1791162998,1791163121
"2026-10-04 22:19:09","132",7,0,12,0,"IN_SERVICE",true,true,true,"FIT:7|BATTLE:0|BOOST:0|MUVO:0|EFIT:0",1791162958,1791163121
"2026-10-04 22:19:09","133",4,0,11,0,"IN_SERVICE",true,true,true,"FIT:3|BATTLE:0|BOOST:0|MUVO:0|EFIT:1",1791162998,1791163121
"2026-10-04 22:19:09","134",2,0,21,0,"IN_SERVICE",true,true,true,"FIT:2|BATTLE:0|BOOST:0|MUVO:0|EFIT:0",1791163005,1791163121
"2026-10-04 22:19:09","136",1,0,13,1,"IN_SERVICE",true,true,true,"FIT:1|BATTLE:0|BOOST:0|MUVO:0|EFIT:0",1791163064,1791163121
"2026-10-04 22:19:09","137",13,3,3,0,"IN_SERVICE",true,true,true,"FIT:12|BATTLE:0|BOOST:0|MUVO:0|EFIT:1",1791162960,1791163121
"2026-10-04 22:19:09","138",9,1,5,0,"IN_SERVICE",true,true,true,"FIT:6|BATTLE:0|BOOST:0|MUVO:0|EFIT:3",1791162973,1791163121
"2026-10-04 22:19:09","139",19,0,4,0,"IN_SERVICE",true,true,true,"FIT:17|BATTLE:0|BOOST:0|MUVO:0|EFIT:2",1791162985,1791163121
"2026-10-04 22:19:09","140",18,2,8,1,"IN_SERVICE",true,true,true,"FIT:14|BATTLE:0|BOOST:0|MUVO:0|EFIT:4",1791163031,1791163121
"2026-10-04 22:19:09","141",4,0,11,0,"IN_SERVICE",true,true,true,"FIT:4|BATTLE:0|BOOST:0|MUVO:0|EFIT:0",1791162955,1791163121
"2026-10-04 22:19:09","142",7,0,12,0,"IN_SERVICE",true,true,true,"FIT:4|BATTLE:0|BOOST:0|MUVO:0|EFIT:3",1791163091,1791163121
"2026-10-04 22:19:09","143",1,1,13,0,"IN_SERVICE",true,true,true,"FIT:0|BATTLE:0|BOOST:0|MUVO:0|EFIT:1",1791163106,1791163121
"2026-10-04 22:19:09","145",2,2,15,0,"IN_SERVICE",true,true,true,"FIT:1|BATTLE:0|BOOST:0|MUVO:0|EFIT:1",1791163112,1791163121
"2026-10-04 22:19:09","146",2,0,13,0,"IN_SERVICE",true,true,true,"FIT:2|BATTLE:0|BOOST:0|MUVO:0|EFIT:0",1791162984,1791163121
"2026-10-04 22:19:09","148",2,0,13,0,"IN_SERVICE",true,true,true,"FIT:2|BATTLE:0|BOOST:0|MUVO:0|EFIT:0",1791163036,1791163121
"2026-10-04 22:19:09","149",0,0,15,0,"IN_SERVICE",true,true,true,"FIT:0|BATTLE:0|BOOST:0|MUVO:0|EFIT:0",1791163060,1791163121
"2026-10-04 22:19:09","150",8,2,7,0,"IN_SERVICE",true,true,true,"FIT:8|BATTLE:0|BOOST:0|MUVO:0|EFIT:0",1791163096,1791163121
"2026-10-04 22:19:09","152",10,0,1,0,"IN_SERVICE",true,true,true,"FIT:7|BATTLE:0|BOOST:0|MUVO:0|EFIT:3",1791162988,1791163121
"2026-10-04 22:19:09","153",4,0,15,0,"IN_SERVICE",true,true,true,"FIT:1|BATTLE:0|BOOST:0|MUVO:0|EFIT:3",1791163111,1791163121
"2026-10-04 22:19:09","154",12,0,5,0,"IN_SERVICE",true,true,true,"FIT:10|BATTLE:0|BOOST:0|MUVO:0|EFIT:2",1791162997,1791163121
"2026-10-04 22:19:09","155",6,0,13,0,"IN_SERVICE",true,true,true,"FIT:4|BATTLE:0|BOOST:0|MUVO:0|EFIT:2",1791162980,1791163121
"2026-10-04 22:19:09","157",0,0,2,0,"IN_SERVICE",true,true,true,"FIT:0|BATTLE:0|BOOST:0|MUVO:0|EFIT:0",1791133306,1791163121
"2026-10-04 22:19:09","158",13,1,5,0,"IN_SERVICE",true,true,true,"FIT:12|BATTLE:0|BOOST:0|MUVO:0|EFIT:1",1791163065,1791163121
"2026-10-04 22:19:09","159",5,1,9,0,"IN_SERVICE",true,true,true,"FIT:5|BATTLE:0|BOOST:0|MUVO:0|EFIT:0",1791162958,1791163121
"2026-10-04 22:19:09","160",3,0,10,0,"IN_SERVICE",true,true,true,"FIT:1|BATTLE:0|BOOST:0|MUVO:0|EFIT:2",1791162952,1791163121
"2026-10-04 22:19:09","161",3,3,5,0,"IN_SERVICE",true,true,true,"FIT:3|BATTLE:0|BOOST:0|MUVO:0|EFIT:0",1791162992,1791163121
"2026-10-04 22:19:09","162",2,0,15,0,"IN_SERVICE",true,true,true,"FIT:0|BATTLE:0|BOOST:0|MUVO:0|EFIT:2",1791162943,1791163121
"2026-10-04 22:19:09","163",13,2,2,0,"IN_SERVICE",true,true,true,"FIT:11|BATTLE:0|BOOST:0|MUVO:0|EFIT:2",1791162980,1791163121
"2026-10-04 22:19:09","164",13,0,4,0,"IN_SERVICE",true,true,true,"FIT:13|BATTLE:0|BOOST:0|MUVO:0|EFIT:0",1791163116,1791163121
"2026-10-04 22:19:09","165",4,1,10,0,"IN_SERVICE",true,true,true,"FIT:3|BATTLE:0|BOOST:0|MUVO:0|EFIT:1",1791162988,1791163121
"2026-10-04 22:19:09","166",10,0,1,0,"IN_SERVICE",true,true,true,"FIT:10|BATTLE:0|BOOST:0|MUVO:0|EFIT:0",1791163062,1791163121
"2026-10-04 22:19:09","167",19,2,10,0,"IN_SERVICE",true,true,true,"FIT:19|BATTLE:0|BOOST:0|MUVO:0|EFIT:0",1791162985,1791163121
"2026-10-04 22:19:09","168",3,0,16,0,"IN_SERVICE",true,true,true,"FIT:3|BATTLE:0|BOOST:0|MUVO:0|EFIT:0",1791163117,1791163121
"2026-10-04 22:19:09","169",9,5,2,0,"IN_SERVICE",true,true,true,"FIT:9|BATTLE:0|BOOST:0|MUVO:0|EFIT:0",1791163022,1791163121
"2026-10-04 22:19:09","170",3,0,11,0,"IN_SERVICE",true,true,true,"FIT:3|BATTLE:0|BOOST:0|MUVO:0|EFIT:0",1791163109,1791163121
"2026-10-04 22:19:09","171",0,0,11,0,"IN_SERVICE",true,true,true,"FIT:0|BATTLE:0|BOOST:0|MUVO:0|EFIT:0",1791162963,1791163121
"2026-10-04 22:19:09","172",10,0,1,0,"IN_SERVICE",true,true,true,"FIT:10|BATTLE:0|BOOST:0|MUVO:0|EFIT:0",1791162977,1791163121
"2026-10-04 22:19:09","173",14,0,1,0,"IN_SERVICE",true,true,true,"FIT:14|BATTLE:0|BOOST:0|MUVO:0|EFIT:0",1791163075,1791163121
"2026-10-04 22:19:09","174",0,0,14,1,"IN_SERVICE",true,true,true,"FIT:0|BATTLE:0|BOOST:0|MUVO:0|EFIT:0",1791162990,1791163121
"2026-10-04 22:19:09","175",19,2,1,0,"IN_SERVICE",true,true,true,"FIT:19|BATTLE:0|BOOST:0|MUVO:0|EFIT:0",1791163051,1791163121
"2026-10-04 22:19:09","176",3,0,12,0,"IN_SERVICE",true,true,true,"FIT:3|BATTLE:0|BOOST:0|MUVO:0|EFIT:0",1791163001,1791163121
"2026-10-04 22:19:09","177",2,0,13,0,"IN_SERVICE",true,true,true,"FIT:2|BATTLE:0|BOOST:0|MUVO:0|EFIT:0",1791162940,1791163121
"2026-10-04 22:19:09","178",4,1,13,1,"IN_SERVICE",true,true,true,"FIT:4|BATTLE:0|BOOST:0|MUVO:0|EFIT:0",1791163064,1791163121
"2026-10-04 22:19:09","179",18,0,1,0,"IN_SERVICE",true,true,true,"FIT:18|BATTLE:0|BOOST:0|MUVO:0|EFIT:0",1791163000,1791163121
"2026-10-04 22:19:09","180",15,0,0,0,"IN_SERVICE",true,true,true,"FIT:15|BATTLE:0|BOOST:0|MUVO:0|EFIT:0",1791163114,1791163121
"2026-10-04 22:19:09","181",13,0,2,0,"IN_SERVICE",true,true,true,"FIT:12|BATTLE:0|BOOST:0|MUVO:0|EFIT:1",1791163118,1791163121
"2026-10-04 22:19:09","182",11,0,8,0,"IN_SERVICE",true,true,true,"FIT:11|BATTLE:0|BOOST:0|MUVO:0|EFIT:0",1791162993,1791163121
"2026-10-04 22:19:09","183",1,0,18,0,"IN_SERVICE",true,true,true,"FIT:1|BATTLE:0|BOOST:0|MUVO:0|EFIT:0",1791163011,1791163121
"2026-10-04 22:19:09","184",5,1,13,0,"IN_SERVICE",true,true,true,"FIT:5|BATTLE:0|BOOST:0|MUVO:0|EFIT:0",1791163075,1791163121
"2026-10-04 22:19:09","185",10,3,5,0,"IN_SERVICE",true,true,true,"FIT:8|BATTLE:0|BOOST:0|MUVO:0|EFIT:2",1791163038,1791163121
"2026-10-04 22:19:09","186",9,0,2,0,"IN_SERVICE",true,true,true,"FIT:9|BATTLE:0|BOOST:0|MUVO:0|EFIT:0",1791163009,1791163121
"2026-10-04 22:19:09","187",4,0,13,0,"IN_SERVICE",true,true,true,"FIT:4|BATTLE:0|BOOST:0|MUVO:0|EFIT:0",1791162952,1791163121
"2026-10-04 22:19:09","188",15,0,1,1,"IN_SERVICE",true,true,true,"FIT:15|BATTLE:0|BOOST:0|MUVO:0|EFIT:0",1791163087,1791163121
"2026-10-04 22:19:09","189",13,0,2,0,"IN_SERVICE",true,true,true,"FIT:13|BATTLE:0|BOOST:0|MUVO:0|EFIT:0",1791162964,1791163121
"2026-10-04 22:19:09","190",19,1,11,0,"IN_SERVICE",true,true,true,"FIT:19|BATTLE:0|BOOST:0|MUVO:0|EFIT:0",1791163082,1791163121
"2026-10-04 22:19:09","192",9,0,1,0,"IN_SERVICE",true,true,true,"FIT:9|BATTLE:0|BOOST:0|MUVO:0|EFIT:0",1791163023,1791163121
"2026-10-04 22:19:09","193",6,0,9,0,"IN_SERVICE",true,true,true,"FIT:6|BATTLE:0|BOOST:0|MUVO:0|EFIT:0",1791163064,1791163121
"2026-10-04 22:19:09","194",8,0,9,0,"IN_SERVICE",true,true,true,"FIT:8|BATTLE:0|BOOST:0|MUVO:0|EFIT:0",1791162955,1791163121
"2026-10-04 22:19:09","195",11,0,4,0,"IN_SERVICE",true,true,true,"FIT:11|BATTLE:0|BOOST:0|MUVO:0|EFIT:0",1791163056,1791163121
"2026-10-04 22:19:09","196",11,2,2,0,"IN_SERVICE",true,true,true,"FIT:11|BATTLE:0|BOOST:0|MUVO:0|EFIT:0",1791163033,1791163121
"2026-10-04 22:19:09","197",7,0,7,1,"IN_SERVICE",true,true,true,"FIT:7|BATTLE:0|BOOST:0|MUVO:0|EFIT:0",1791163120,1791163121
"2026-10-04 22:19:09","198",11,1,3,0,"IN_SERVICE",true,true,true,"FIT:11|BATTLE:0|BOOST:0|MUVO:0|EFIT:0",1791163081,1791163121
"2026-10-04 22:19:09","199",18,0,9,0,"IN_SERVICE",true,true,true,"FIT:17|BATTLE:0|BOOST:0|MUVO:0|EFIT:1",1791162966,1791163121
"2026-10-04 22:19:09","200",13,0,2,0,"IN_SERVICE",true,true,true,"FIT:12|BATTLE:0|BOOST:0|MUVO:0|EFIT:1",1791163001,1791163121
"2026-10-04 22:19:09","201",7,0,8,0,"IN_SERVICE",true,true,true,"FIT:7|BATTLE:0|BOOST:0|MUVO:0|EFIT:0",1791163086,1791163121
"2026-10-04 22:19:09","202",4,0,15,0,"IN_SERVICE",true,true,true,"FIT:4|BATTLE:0|BOOST:0|MUVO:0|EFIT:0",1791163062,1791163121
"2026-10-04 22:19:09","203",10,0,8,1,"IN_SERVICE",true,true,true,"FIT:8|BATTLE:0|BOOST:0|MUVO:0|EFIT:2",1791154146,1791163121
"2026-10-04 22:19:09","204",3,0,14,0,"IN_SERVICE",true,true,true,"FIT:2|BATTLE:0|BOOST:0|MUVO:0|EFIT:1",1791162997,1791163121
"2026-10-04 22:19:09","205",4,0,13,0,"IN_SERVICE",true,true,true,"FIT:4|BATTLE:0|BOOST:0|MUVO:0|EFIT:0",1791162942,1791163121
"2026-10-04 22:19:09","206",1,0,14,0,"IN_SERVICE",true,true,true,"FIT:1|BATTLE:0|BOOST:0|MUVO:0|EFIT:0",1791163041,1791163121
"2026-10-04 22:19:09","207",15,0,8,0,"IN_SERVICE",true,true,true,"FIT:15|BATTLE:0|BOOST:0|MUVO:0|EFIT:0",1791162984,1791163121
"2026-10-04 22:19:09","208",4,0,13,0,"IN_SERVICE",true,true,true,"FIT:4|BATTLE:0|BOOST:0|MUVO:0|EFIT:0",1791163026,1791163121
"2026-10-04 22:19:09","209",17,0,2,0,"IN_SERVICE",true,true,true,"FIT:17|BATTLE:0|BOOST:0|MUVO:0|EFIT:0",1791162988,1791163121
"2026-10-04 22:19:09","210",11,0,18,0,"IN_SERVICE",true,true,true,"FIT:11|BATTLE:0|BOOST:0|MUVO:0|EFIT:0",1791163003,1791163121
"2026-10-04 22:19:09","212",2,0,12,1,"IN_SERVICE",true,true,true,"FIT:2|BATTLE:0|BOOST:0|MUVO:0|EFIT:0",1791162994,1791163121
"2026-10-04 22:19:09","213",7,0,12,0,"IN_SERVICE",true,true,true,"FIT:7|BATTLE:0|BOOST:0|MUVO:0|EFIT:0",1791163031,1791163121
"2026-10-04 22:19:09","214",5,0,16,0,"IN_SERVICE",true,true,true,"FIT:5|BATTLE:0|BOOST:0|MUVO:0|EFIT:0",1791163104,1791163121
"2026-10-04 22:19:09","215",8,0,14,1,"IN_SERVICE",true,true,true,"FIT:7|BATTLE:0|BOOST:0|MUVO:0|EFIT:1",1791162960,1791163121
"2026-10-04 22:19:09","217",7,0,8,0,"IN_SERVICE",true,true,true,"FIT:7|BATTLE:0|BOOST:0|MUVO:0|EFIT:0",1791162950,1791163121
"2026-10-04 22:19:09","220",5,1,13,0,"IN_SERVICE",true,true,true,"FIT:5|BATTLE:0|BOOST:0|MUVO:0|EFIT:0",1791162945,1791163121
"2026-10-04 22:19:09","221",3,4,6,0,"IN_SERVICE",true,true,true,"FIT:3|BATTLE:0|BOOST:0|MUVO:0|EFIT:0",1791163008,1791163121
"2026-10-04 22:19:09","222",1,0,15,1,"IN_SERVICE",true,true,true,"FIT:1|BATTLE:0|BOOST:0|MUVO:0|EFIT:0",1791162998,1791163121
"2026-10-04 22:19:09","223",2,0,15,0,"IN_SERVICE",true,true,true,"FIT:1|BATTLE:0|BOOST:0|MUVO:0|EFIT:1",1791163113,1791163121
"2026-10-04 22:19:09","224",12,0,3,0,"IN_SERVICE",true,true,true,"FIT:12|BATTLE:0|BOOST:0|MUVO:0|EFIT:0",1791163118,1791163121
"2026-10-04 22:19:09","225",5,0,6,0,"IN_SERVICE",true,true,true,"FIT:5|BATTLE:0|BOOST:0|MUVO:0|EFIT:0",1791163073,1791163121
"2026-10-04 22:19:09","226",16,1,6,0,"IN_SERVICE",true,true,true,"FIT:16|BATTLE:0|BOOST:0|MUVO:0|EFIT:0",1791163004,1791163121
"2026-10-04 22:19:09","228",6,0,11,2,"IN_SERVICE",true,true,true,"FIT:6|BATTLE:0|BOOST:0|MUVO:0|EFIT:0",1791163075,1791163121
"2026-10-04 22:19:09","229",10,1,5,1,"IN_SERVICE",true,true,true,"FIT:7|BATTLE:0|BOOST:0|MUVO:0|EFIT:3",1791163061,1791163121
"2026-10-04 22:19:09","230",16,2,1,0,"IN_SERVICE",true,true,true,"FIT:16|BATTLE:0|BOOST:0|MUVO:0|EFIT:0",1791163052,1791163121
"2026-10-04 22:19:09","231",10,2,0,3,"IN_SERVICE",true,true,true,"FIT:10|BATTLE:0|BOOST:0|MUVO:0|EFIT:0",1791162938,1791163121
"2026-10-04 22:19:09","232",20,1,8,0,"IN_SERVICE",true,true,true,"FIT:20|BATTLE:0|BOOST:0|MUVO:0|EFIT:0",1791163080,1791163121
"2026-10-04 22:19:09","233",13,0,18,0,"IN_SERVICE",true,true,true,"FIT:13|BATTLE:0|BOOST:0|MUVO:0|EFIT:0",1791162943,1791163121
"2026-10-04 22:19:09","234",8,1,6,0,"IN_SERVICE",true,true,true,"FIT:8|BATTLE:0|BOOST:0|MUVO:0|EFIT:0",1791163014,1791163121
"2026-10-04 22:19:09","235",7,1,6,1,"IN_SERVICE",true,true,true,"FIT:6|BATTLE:0|BOOST:0|MUVO:0|EFIT:1",1791163041,1791163121
"2026-10-04 22:19:09","236",13,2,0,0,"IN_SERVICE",true,true,true,"FIT:13|BATTLE:0|BOOST:0|MUVO:0|EFIT:0",1791163069,1791163121
"2026-10-04 22:19:09","237",0,0,14,0,"IN_SERVICE",true,true,true,"FIT:0|BATTLE:0|BOOST:0|MUVO:0|EFIT:0",1791162978,1791163121
"2026-10-04 22:19:09","238",4,0,10,0,"IN_SERVICE",true,true,true,"FIT:4|BATTLE:0|BOOST:0|MUVO:0|EFIT:0",1791162982,1791163121
"2026-10-04 22:19:09","239",2,1,12,0,"IN_SERVICE",true,true,true,"FIT:2|BATTLE:0|BOOST:0|MUVO:0|EFIT:0",1791163041,1791163121
"2026-10-04 22:19:09","240",0,0,0,0,"IN_SERVICE",true,true,true,"FIT:0|BATTLE:0|BOOST:0|MUVO:0|EFIT:0",1791163008,1791163121
"2026-10-04 22:19:09","241",0,0,15,0,"IN_SERVICE",true,true,true,"FIT:0|BATTLE:0|BOOST:0|MUVO:0|EFIT:0",1791163064,1791163121
"2026-10-04 22:19:09","242",5,3,7,0,"IN_SERVICE",true,true,true,"FIT:4|BATTLE:0|BOOST:0|MUVO:0|EFIT:1",1791162970,1791163121
"2026-10-04 22:19:09","244",5,0,6,0,"IN_SERVICE",true,true,true,"FIT:5|BATTLE:0|BOOST:0|MUVO:0|EFIT:0",1791163028,1791163121
"2026-10-04 22:19:09","246",1,1,13,0,"IN_SERVICE",true,true,true,"FIT:1|BATTLE:0|BOOST:0|MUVO:0|EFIT:0",1791162956,1791163121
"2026-10-04 22:19:09","247",5,0,13,0,"IN_SERVICE",true,true,true,"FIT:5|BATTLE:0|BOOST:0|MUVO:0|EFIT:0",1791163001,1791163121
"2026-10-04 22:19:09","248",4,0,11,0,"IN_SERVICE",true,true,true,"FIT:4|BATTLE:0|BOOST:0|MUVO:0|EFIT:0",1791163028,1791163121
"2026-10-04 22:19:09","250",6,0,5,0,"IN_SERVICE",true,true,true,"FIT:6|BATTLE:0|BOOST:0|MUVO:0|EFIT:0",1791163055,1791163121
"2026-10-04 22:19:09","252",3,0,16,0,"IN_SERVICE",true,true,true,"FIT:3|BATTLE:0|BOOST:0|MUVO:0|EFIT:0",1791162975,1791163121
"2026-10-04 22:19:09","253",2,0,9,0,"IN_SERVICE",true,true,true,"FIT:2|BATTLE:0|BOOST:0|MUVO:0|EFIT:0",1791163042,1791163121
"2026-10-04 22:19:09","254",5,0,6,0,"IN_SERVICE",true,true,true,"FIT:5|BATTLE:0|BOOST:0|MUVO:0|EFIT:0",1791163050,1791163121
"2026-10-04 22:19:09","255",0,0,11,0,"IN_SERVICE",true,true,true,"FIT:0|BATTLE:0|BOOST:0|MUVO:0|EFIT:0",1791163079,1791163121
"2026-10-04 22:19:09","256",5,0,10,0,"IN_SERVICE",true,true,true,"FIT:4|BATTLE:0|BOOST:0|MUVO:0|EFIT:1",1791162975,1791163121
"2026-10-04 22:19:09","257",5,0,18,0,"IN_SERVICE",true,true,true,"FIT:5|BATTLE:0|BOOST:0|MUVO:0|EFIT:0",1791163108,1791163121
"2026-10-04 22:19:09","259",8,0,8,1,"IN_SERVICE",true,true,true,"FIT:8|BATTLE:0|BOOST:0|MUVO:0|EFIT:0",1791163119,1791163121
"2026-10-04 22:19:09","260",4,0,23,0,"IN_SERVICE",true,true,true,"FIT:4|BATTLE:0|BOOST:0|MUVO:0|EFIT:0",1791163073,1791163121
"2026-10-04 22:19:09","261",11,0,4,0,"IN_SERVICE",true,true,true,"FIT:11|BATTLE:0|BOOST:0|MUVO:0|EFIT:0",1791163014,1791163121
"2026-10-04 22:19:09","262",8,0,6,1,"IN_SERVICE",true,true,true,"FIT:8|BATTLE:0|BOOST:0|MUVO:0|EFIT:0",1791163055,1791163121
"2026-10-04 22:19:09","263",4,0,7,0,"IN_SERVICE",true,true,true,"FIT:4|BATTLE:0|BOOST:0|MUVO:0|EFIT:0",1791162939,1791163121
"2026-10-04 22:19:09","271",11,0,0,0,"IN_SERVICE",true,true,true,"FIT:10|BATTLE:0|BOOST:0|MUVO:0|EFIT:1",1791162940,1791163121
"2026-10-04 22:19:09","273",0,0,16,1,"IN_SERVICE",true,true,true,"FIT:0|BATTLE:0|BOOST:0|MUVO:0|EFIT:0",1791163088,1791163121
"2026-10-04 22:19:09","285",4,0,6,1,"IN_SERVICE",true,true,true,"FIT:4|BATTLE:0|BOOST:0|MUVO:0|EFIT:0",1791163106,1791163121
"2026-10-04 22:19:09","287",4,1,6,0,"IN_SERVICE",true,true,true,"FIT:4|BATTLE:0|BOOST:0|MUVO:0|EFIT:0",1791162939,1791163121
"2026-10-04 22:19:09","290",1,0,10,0,"IN_SERVICE",true,true,true,"FIT:1|BATTLE:0|BOOST:0|MUVO:0|EFIT:0",1791163028,1791163121
"2026-10-04 22:19:09","293",0,1,18,0,"IN_SERVICE",true,true,true,"FIT:0|BATTLE:0|BOOST:0|MUVO:0|EFIT:0",1791162995,1791163121
"2026-10-04 22:19:09","295",1,1,17,0,"IN_SERVICE",true,true,true,"FIT:1|BATTLE:0|BOOST:0|MUVO:0|EFIT:0",1791163115,1791163121
"2026-10-04 22:19:09","299",10,0,1,0,"IN_SERVICE",true,true,true,"FIT:10|BATTLE:0|BOOST:0|MUVO:0|EFIT:0",1791163113,1791163121
"2026-10-04 22:19:09","304",0,0,11,0,"IN_SERVICE",true,true,true,"FIT:0|BATTLE:0|BOOST:0|MUVO:0|EFIT:0",1791163084,1791163121
"2026-10-04 22:19:09","305",5,0,18,0,"IN_SERVICE",true,true,true,"FIT:5|BATTLE:0|BOOST:0|MUVO:0|EFIT:0",1791162953,1791163121
"2026-10-04 22:19:09","313",9,0,2,0,"IN_SERVICE",true,true,true,"FIT:9|BATTLE:0|BOOST:0|MUVO:0|EFIT:0",1791163038,1791163121
"2026-10-04 22:19:09","314",7,0,10,0,"IN_SERVICE",true,true,true,"FIT:7|BATTLE:0|BOOST:0|MUVO:0|EFIT:0",1791163045,1791163121
"2026-10-04 22:19:09","329",6,2,9,0,"IN_SERVICE",true,true,true,"FIT:5|BATTLE:0|BOOST:0|MUVO:0|EFIT:1",1791163069,1791163121
"2026-10-04 22:19:09","330",1,1,10,0,"IN_SERVICE",true,true,true,"FIT:1|BATTLE:0|BOOST:0|MUVO:0|EFIT:0",1791162959,1791163121
"2026-10-04 22:19:09","336",11,0,6,0,"IN_SERVICE",true,true,true,"FIT:11|BATTLE:0|BOOST:0|MUVO:0|EFIT:0",1791163053,1791163121
"2026-10-04 22:19:09","337",14,0,5,0,"IN_SERVICE",true,true,true,"FIT:14|BATTLE:0|BOOST:0|MUVO:0|EFIT:0",1791163002,1791163121
"2026-10-04 22:19:09","338",12,0,11,0,"IN_SERVICE",true,true,true,"FIT:12|BATTLE:0|BOOST:0|MUVO:0|EFIT:0",1791163087,1791163121
"2026-10-04 22:19:09","339",10,0,6,1,"IN_SERVICE",true,true,true,"FIT:10|BATTLE:0|BOOST:0|MUVO:0|EFIT:0",1791162941,1791163121
"2026-10-04 22:19:09","340",15,0,0,0,"IN_SERVICE",true,true,true,"FIT:15|BATTLE:0|BOOST:0|MUVO:0|EFIT:0",1791162949,1791163121
"2026-10-04 22:19:09","342",0,0,11,0,"IN_SERVICE",true,true,true,"FIT:0|BATTLE:0|BOOST:0|MUVO:0|EFIT:0",1791163031,1791163121
"2026-10-04 22:19:09","343",1,1,13,0,"IN_SERVICE",true,true,true,"FIT:1|BATTLE:0|BOOST:0|MUVO:0|EFIT:0",1791162975,1791163121
"2026-10-04 22:19:09","344",13,1,1,0,"IN_SERVICE",true,true,true,"FIT:11|BATTLE:0|BOOST:0|MUVO:0|EFIT:2",1791163071,1791163121
"2026-10-04 22:19:09","345",15,0,12,0,"IN_SERVICE",true,true,true,"FIT:15|BATTLE:0|BOOST:0|MUVO:0|EFIT:0",1791163114,1791163121
"2026-10-04 22:19:09","346",17,1,11,2,"IN_SERVICE",true,true,true,"FIT:17|BATTLE:0|BOOST:0|MUVO:0|EFIT:0",1791162970,1791163121
"2026-10-04 22:19:09","347",2,1,24,0,"IN_SERVICE",true,true,true,"FIT:2|BATTLE:0|BOOST:0|MUVO:0|EFIT:0",1791163031,1791163121
"2026-10-04 22:19:09","349",6,2,7,0,"IN_SERVICE",true,true,true,"FIT:4|BATTLE:0|BOOST:0|MUVO:0|EFIT:2",1791163098,1791163121
"2026-10-04 22:19:09","350",4,0,19,0,"IN_SERVICE",true,true,true,"FIT:4|BATTLE:0|BOOST:0|MUVO:0|EFIT:0",1791162941,1791163121
"2026-10-04 22:19:09","351",2,0,17,0,"IN_SERVICE",true,true,true,"FIT:2|BATTLE:0|BOOST:0|MUVO:0|EFIT:0",1791163087,1791163121
"2026-10-04 22:19:09","352",5,0,6,0,"IN_SERVICE",true,true,true,"FIT:5|BATTLE:0|BOOST:0|MUVO:0|EFIT:0",1791162959,1791163121
"2026-10-04 22:19:09","353",1,0,13,1,"IN_SERVICE",true,true,true,"FIT:1|BATTLE:0|BOOST:0|MUVO:0|EFIT:0",1791163064,1791163121
"2026-10-04 22:19:09","354",9,1,0,1,"IN_SERVICE",true,true,true,"FIT:9|BATTLE:0|BOOST:0|MUVO:0|EFIT:0",1791162968,1791163121
"2026-10-04 22:19:09","355",9,0,2,0,"IN_SERVICE",true,true,true,"FIT:9|BATTLE:0|BOOST:0|MUVO:0|EFIT:0",1791163080,1791163121
"2026-10-04 22:19:09","356",12,0,3,0,"IN_SERVICE",true,true,true,"FIT:12|BATTLE:0|BOOST:0|MUVO:0|EFIT:0",1791163079,1791163121
"2026-10-04 22:19:09","357",6,0,11,0,"IN_SERVICE",true,true,true,"FIT:6|BATTLE:0|BOOST:0|MUVO:0|EFIT:0",1791163107,1791163121
"2026-10-04 22:19:09","358",2,0,13,0,"IN_SERVICE",true,true,true,"FIT:2|BATTLE:0|BOOST:0|MUVO:0|EFIT:0",1791163031,1791163121
"2026-10-04 22:19:09","360",8,0,3,0,"IN_SERVICE",true,true,true,"FIT:8|BATTLE:0|BOOST:0|MUVO:0|EFIT:0",1791163044,1791163121
"2026-10-04 22:19:09","361",5,0,10,2,"IN_SERVICE",true,true,true,"FIT:5|BATTLE:0|BOOST:0|MUVO:0|EFIT:0",1791162963,1791163121
"2026-10-04 22:19:09","362",3,2,18,0,"IN_SERVICE",true,true,true,"FIT:2|BATTLE:0|BOOST:0|MUVO:0|EFIT:1",1791163029,1791163121
"2026-10-04 22:19:09","363",5,0,6,0,"IN_SERVICE",true,true,true,"FIT:5|BATTLE:0|BOOST:0|MUVO:0|EFIT:0",1791163029,1791163121
"2026-10-04 22:19:09","364",13,2,8,0,"IN_SERVICE",true,true,true,"FIT:13|BATTLE:0|BOOST:0|MUVO:0|EFIT:0",1791163033,1791163121
"2026-10-04 22:19:09","365",2,0,9,0,"IN_SERVICE",true,true,true,"FIT:2|BATTLE:0|BOOST:0|MUVO:0|EFIT:0",1791162999,1791163121
"2026-10-04 22:19:09","366",1,0,26,0,"IN_SERVICE",true,true,true,"FIT:1|BATTLE:0|BOOST:0|MUVO:0|EFIT:0",1791163048,1791163121
"2026-10-04 22:19:09","367",1,0,30,0,"IN_SERVICE",true,true,true,"FIT:1|BATTLE:0|BOOST:0|MUVO:0|EFIT:0",1791163012,1791163121
"2026-10-04 22:19:09","370",6,2,9,0,"IN_SERVICE",true,true,true,"FIT:3|BATTLE:0|BOOST:0|MUVO:0|EFIT:3",1791162952,1791163121
"2026-10-04 22:19:09","371",12,3,0,0,"IN_SERVICE",true,true,true,"FIT:12|BATTLE:0|BOOST:0|MUVO:0|EFIT:0",1791163090,1791163121
"2026-10-04 22:19:09","372",3,1,11,0,"IN_SERVICE",true,true,true,"FIT:2|BATTLE:0|BOOST:0|MUVO:0|EFIT:1",1791163060,1791163121
"2026-10-04 22:19:09","373",4,0,10,0,"IN_SERVICE",true,true,true,"FIT:2|BATTLE:0|BOOST:0|MUVO:0|EFIT:2",1791162951,1791163121
"2026-10-04 22:19:09","374",18,0,1,0,"IN_SERVICE",true,true,true,"FIT:17|BATTLE:0|BOOST:0|MUVO:0|EFIT:1",1791162944,1791163121
"2026-10-04 22:19:09","375",5,0,9,1,"IN_SERVICE",true,true,true,"FIT:5|BATTLE:0|BOOST:0|MUVO:0|EFIT:0",1791162968,1791163121
"2026-10-04 22:19:09","376",1,0,10,0,"IN_SERVICE",true,true,true,"FIT:1|BATTLE:0|BOOST:0|MUVO:0|EFIT:0",1791163011,1791163121
"2026-10-04 22:19:09","377",19,0,0,0,"IN_SERVICE",true,true,true,"FIT:19|BATTLE:0|BOOST:0|MUVO:0|EFIT:0",1791163108,1791163121
"2026-10-04 22:19:09","378",15,0,0,0,"IN_SERVICE",true,true,true,"FIT:15|BATTLE:0|BOOST:0|MUVO:0|EFIT:0",1791163012,1791163121
"2026-10-04 22:19:09","379",3,0,14,0,"IN_SERVICE",true,true,true,"FIT:2|BATTLE:0|BOOST:0|MUVO:0|EFIT:1",1791163043,1791163121
"2026-10-04 22:19:09","381",15,0,0,0,"IN_SERVICE",true,true,true,"FIT:15|BATTLE:0|BOOST:0|MUVO:0|EFIT:0",1791163111,1791163121
"2026-10-04 22:19:09","382",6,0,13,0,"IN_SERVICE",true,true,true,"FIT:6|BATTLE:0|BOOST:0|MUVO:0|EFIT:0",1791163016,1791163121
"2026-10-04 22:19:09","383",3,0,8,0,"IN_SERVICE",true,true,true,"FIT:3|BATTLE:0|BOOST:0|MUVO:0|EFIT:0",1791163057,1791163121
"2026-10-04 22:19:09","384",2,1,12,0,"IN_SERVICE",true,true,true,"FIT:2|BATTLE:0|BOOST:0|MUVO:0|EFIT:0",1791163088,1791163121
"2026-10-04 22:19:09","389",2,0,9,0,"IN_SERVICE",true,true,true,"FIT:2|BATTLE:0|BOOST:0|MUVO:0|EFIT:0",1791163069,1791163121
"2026-10-04 22:19:09","391",13,0,4,0,"IN_SERVICE",true,true,true,"FIT:13|BATTLE:0|BOOST:0|MUVO:0|EFIT:0",1791162989,1791163121
"2026-10-04 22:19:09","404",14,2,11,0,"IN_SERVICE",true,true,true,"FIT:11|BATTLE:0|BOOST:0|MUVO:0|EFIT:3",1791163090,1791163121
"2026-10-04 22:19:09","416",7,0,8,0,"IN_SERVICE",true,true,true,"FIT:7|BATTLE:0|BOOST:0|MUVO:0|EFIT:0",1791163011,1791163121
"2026-10-04 22:19:09","417",9,0,5,1,"IN_SERVICE",true,true,true,"FIT:9|BATTLE:0|BOOST:0|MUVO:0|EFIT:0",1791162956,1791163121
"2026-10-04 22:19:09","418",12,2,5,0,"IN_SERVICE",true,true,true,"FIT:10|BATTLE:0|BOOST:0|MUVO:0|EFIT:2",1791163102,1791163121
"2026-10-04 22:19:09","419",13,1,3,2,"IN_SERVICE",true,true,true,"FIT:12|BATTLE:0|BOOST:0|MUVO:0|EFIT:1",1791163045,1791163121
"2026-10-04 22:19:09","421",4,0,18,1,"IN_SERVICE",true,true,true,"FIT:3|BATTLE:0|BOOST:0|MUVO:0|EFIT:1",1791163104,1791163121
"2026-10-04 22:19:09","422",5,0,6,0,"IN_SERVICE",true,true,true,"FIT:5|BATTLE:0|BOOST:0|MUVO:0|EFIT:0",1791162978,1791163121
"2026-10-04 22:19:09","424",13,0,6,0,"IN_SERVICE",true,false,true,"FIT:13|BATTLE:0|BOOST:0|MUVO:0|EFIT:0",1791163028,1791163121
"2026-10-04 22:19:09","425",5,1,21,0,"IN_SERVICE",true,true,true,"FIT:4|BATTLE:0|BOOST:0|MUVO:0|EFIT:1",1791163087,1791163121
"2026-10-04 22:19:09","426",8,0,7,0,"IN_SERVICE",true,true,true,"FIT:1|BATTLE:0|BOOST:0|MUVO:0|EFIT:7",1791162994,1791163121
"2026-10-04 22:19:09","427",4,0,11,0,"IN_SERVICE",true,true,true,"FIT:2|BATTLE:0|BOOST:0|MUVO:0|EFIT:2",1791163049,1791163121
"2026-10-04 22:19:09","429",3,1,11,0,"IN_SERVICE",true,true,true,"FIT:3|BATTLE:0|BOOST:0|MUVO:0|EFIT:0",1791163052,1791163121
"2026-10-04 22:19:09","430",4,1,10,0,"IN_SERVICE",true,true,true,"FIT:4|BATTLE:0|BOOST:0|MUVO:0|EFIT:0",1791163005,1791163121
"2026-10-04 22:19:09","431",9,0,2,0,"IN_SERVICE",true,true,true,"FIT:8|BATTLE:0|BOOST:0|MUVO:0|EFIT:1",1791163006,1791163121
"2026-10-04 22:19:09","432",8,1,2,0,"IN_SERVICE",true,true,true,"FIT:8|BATTLE:0|BOOST:0|MUVO:0|EFIT:0",1791162944,1791163121
"2026-10-04 22:19:09","433",7,0,3,1,"IN_SERVICE",true,true,true,"FIT:7|BATTLE:0|BOOST:0|MUVO:0|EFIT:0",1791162938,1791163121
"2026-10-04 22:19:09","434",14,0,8,1,"IN_SERVICE",true,true,true,"FIT:14|BATTLE:0|BOOST:0|MUVO:0|EFIT:0",1791162985,1791163121
"2026-10-04 22:19:09","435",14,1,4,0,"IN_SERVICE",true,true,true,"FIT:3|BATTLE:0|BOOST:0|MUVO:0|EFIT:11",1791162950,1791163121
"2026-10-04 22:19:09","436",6,1,4,0,"IN_SERVICE",true,true,true,"FIT:5|BATTLE:0|BOOST:0|MUVO:0|EFIT:1",1791162972,1791163121
"2026-10-04 22:19:09","437",10,1,0,0,"IN_SERVICE",true,true,true,"FIT:10|BATTLE:0|BOOST:0|MUVO:0|EFIT:0",1791162959,1791163121
"2026-10-04 22:19:09","438",8,0,3,0,"IN_SERVICE",true,true,true,"FIT:2|BATTLE:0|BOOST:0|MUVO:0|EFIT:6",1791162986,1791163121
"2026-10-04 22:19:09","439",2,0,13,0,"IN_SERVICE",true,true,true,"FIT:2|BATTLE:0|BOOST:0|MUVO:0|EFIT:0",1791163119,1791163121
"2026-10-04 22:19:09","440",3,0,8,0,"IN_SERVICE",true,true,true,"FIT:3|BATTLE:0|BOOST:0|MUVO:0|EFIT:0",1791162993,1791163121
"2026-10-04 22:19:09","442",1,2,8,0,"IN_SERVICE",true,true,true,"FIT:1|BATTLE:0|BOOST:0|MUVO:0|EFIT:0",1791162998,1791163121
"2026-10-04 22:19:09","443",7,2,17,1,"IN_SERVICE",true,true,true,"FIT:7|BATTLE:0|BOOST:0|MUVO:0|EFIT:0",1791163055,1791163121
"2026-10-04 22:19:09","446",2,2,13,0,"IN_SERVICE",true,true,true,"FIT:2|BATTLE:0|BOOST:0|MUVO:0|EFIT:0",1791163064,1791163121
"2026-10-04 22:19:09","448",7,0,4,0,"IN_SERVICE",true,true,true,"FIT:7|BATTLE:0|BOOST:0|MUVO:0|EFIT:0",1791163036,1791163121
"2026-10-04 22:19:09","451",6,1,3,1,"IN_SERVICE",true,true,true,"FIT:6|BATTLE:0|BOOST:0|MUVO:0|EFIT:0",1791163102,1791163121
"2026-10-04 22:19:09","452",7,0,12,0,"IN_SERVICE",true,true,true,"FIT:7|BATTLE:0|BOOST:0|MUVO:0|EFIT:0",1791162980,1791163121
"2026-10-04 22:19:09","454",2,0,13,0,"IN_SERVICE",true,true,true,"FIT:2|BATTLE:0|BOOST:0|MUVO:0|EFIT:0",1791163038,1791163121
"2026-10-04 22:19:09","455",0,0,11,0,"IN_SERVICE",true,true,true,"FIT:0|BATTLE:0|BOOST:0|MUVO:0|EFIT:0",1791162985,1791163121
"2026-10-04 22:19:09","459",12,0,5,0,"IN_SERVICE",true,true,true,"FIT:10|BATTLE:0|BOOST:0|MUVO:0|EFIT:2",1791162999,1791163121
"2026-10-04 22:19:09","460",5,0,18,0,"IN_SERVICE",true,true,true,"FIT:5|BATTLE:0|BOOST:0|MUVO:0|EFIT:0",1791163019,1791163121
"2026-10-04 22:19:09","461",5,0,10,0,"IN_SERVICE",true,true,true,"FIT:5|BATTLE:0|BOOST:0|MUVO:0|EFIT:0",1791163000,1791163121
"2026-10-04 22:19:09","462",2,1,12,0,"IN_SERVICE",true,true,true,"FIT:2|BATTLE:0|BOOST:0|MUVO:0|EFIT:0",1791163113,1791163121
"2026-10-04 22:19:09","463",10,1,4,0,"IN_SERVICE",true,true,true,"FIT:10|BATTLE:0|BOOST:0|MUVO:0|EFIT:0",1791162963,1791163121
"2026-10-04 22:19:09","464",4,0,7,0,"IN_SERVICE",true,true,true,"FIT:2|BATTLE:0|BOOST:0|MUVO:0|EFIT:2",1791163045,1791163121
"2026-10-04 22:19:09","466",8,0,11,0,"IN_SERVICE",true,true,true,"FIT:7|BATTLE:0|BOOST:0|MUVO:0|EFIT:1",1791162978,1791163121
"2026-10-04 22:19:09","467",12,0,3,0,"IN_SERVICE",true,true,true,"FIT:12|BATTLE:0|BOOST:0|MUVO:0|EFIT:0",1791162946,1791163121
"2026-10-04 22:19:09","468",13,1,5,0,"IN_SERVICE",true,true,true,"FIT:11|BATTLE:0|BOOST:0|MUVO:0|EFIT:2",1791163076,1791163121
"2026-10-04 22:19:09","469",13,1,5,0,"IN_SERVICE",true,true,true,"FIT:11|BATTLE:0|BOOST:0|MUVO:0|EFIT:2",1791163046,1791163121
"2026-10-04 22:19:09","470",8,0,11,0,"IN_SERVICE",true,true,true,"FIT:8|BATTLE:0|BOOST:0|MUVO:0|EFIT:0",1791163110,1791163121
"2026-10-04 22:19:09","471",4,2,13,0,"IN_SERVICE",true,true,true,"FIT:2|BATTLE:0|BOOST:0|MUVO:0|EFIT:2",1791163105,1791163121
"2026-10-04 22:19:09","473",2,1,8,0,"IN_SERVICE",true,true,true,"FIT:1|BATTLE:0|BOOST:0|MUVO:0|EFIT:1",1791162993,1791163121
"2026-10-04 22:19:09","474",15,0,0,0,"IN_SERVICE",true,true,true,"FIT:13|BATTLE:0|BOOST:0|MUVO:0|EFIT:2",1791163093,1791163121
"2026-10-04 22:19:09","477",3,0,12,0,"IN_SERVICE",true,true,true,"FIT:3|BATTLE:0|BOOST:0|MUVO:0|EFIT:0",1791162954,1791163121
"2026-10-04 22:19:09","479",12,1,6,0,"IN_SERVICE",true,true,true,"FIT:12|BATTLE:0|BOOST:0|MUVO:0|EFIT:0",1791163067,1791163121
"2026-10-04 22:19:09","487",3,1,7,0,"IN_SERVICE",true,true,true,"FIT:3|BATTLE:0|BOOST:0|MUVO:0|EFIT:0",1791163091,1791163121
"2026-10-04 22:19:09","488",13,0,2,0,"IN_SERVICE",true,true,true,"FIT:13|BATTLE:0|BOOST:0|MUVO:0|EFIT:0",1791163075,1791163121
"2026-10-04 22:19:09","489",8,1,13,1,"IN_SERVICE",true,true,true,"FIT:8|BATTLE:0|BOOST:0|MUVO:0|EFIT:0",1791162957,1791163121
"2026-10-04 22:19:09","490",3,0,8,0,"IN_SERVICE",true,true,true,"FIT:3|BATTLE:0|BOOST:0|MUVO:0|EFIT:0",1791163072,1791163121
"2026-10-04 22:19:09","491",4,2,11,0,"IN_SERVICE",true,true,true,"FIT:4|BATTLE:0|BOOST:0|MUVO:0|EFIT:0",1791163078,1791163121
"2026-10-04 22:19:09","492",4,0,11,0,"IN_SERVICE",true,true,true,"FIT:4|BATTLE:0|BOOST:0|MUVO:0|EFIT:0",1791163061,1791163121
"2026-10-04 22:19:09","493",6,0,11,2,"IN_SERVICE",true,true,true,"FIT:6|BATTLE:0|BOOST:0|MUVO:0|EFIT:0",1791163039,1791163121
"2026-10-04 22:19:09","494",6,0,13,0,"IN_SERVICE",true,true,true,"FIT:6|BATTLE:0|BOOST:0|MUVO:0|EFIT:0",1791162957,1791163121
"2026-10-04 22:19:09","495",10,0,9,0,"IN_SERVICE",true,true,true,"FIT:9|BATTLE:0|BOOST:0|MUVO:0|EFIT:1",1791163031,1791163121
"2026-10-04 22:19:09","497",4,0,11,0,"IN_SERVICE",true,true,true,"FIT:4|BATTLE:0|BOOST:0|MUVO:0|EFIT:0",1791162982,1791163121
"2026-10-04 22:19:09","498",2,0,17,0,"IN_SERVICE",true,true,true,"FIT:1|BATTLE:0|BOOST:0|MUVO:0|EFIT:1",1791163062,1791163121
"2026-10-04 22:19:09","499",1,0,10,0,"IN_SERVICE",true,true,true,"FIT:0|BATTLE:0|BOOST:0|MUVO:0|EFIT:1",1791163037,1791163121
"2026-10-04 22:19:09","500",6,0,5,0,"IN_SERVICE",true,true,true,"FIT:6|BATTLE:0|BOOST:0|MUVO:0|EFIT:0",1791163104,1791163121
"2026-10-04 22:19:09","501",15,1,6,0,"IN_SERVICE",true,true,true,"FIT:10|BATTLE:0|BOOST:0|MUVO:0|EFIT:5",1791163013,1791163121
"2026-10-04 22:19:09","503",21,0,6,0,"IN_SERVICE",true,true,true,"FIT:19|BATTLE:0|BOOST:0|MUVO:0|EFIT:2",1791163047,1791163121
"2026-10-04 22:19:09","504",7,0,4,0,"IN_SERVICE",true,true,true,"FIT:5|BATTLE:0|BOOST:0|MUVO:0|EFIT:2",1791163081,1791163121
"2026-10-04 22:19:09","505",4,0,15,0,"IN_SERVICE",true,true,true,"FIT:3|BATTLE:0|BOOST:0|MUVO:0|EFIT:1",1791162975,1791163121
"2026-10-04 22:19:09","506",4,1,22,0,"IN_SERVICE",true,true,true,"FIT:0|BATTLE:0|BOOST:0|MUVO:0|EFIT:4",1791162959,1791163121
"2026-10-04 22:19:09","508",10,0,9,0,"IN_SERVICE",true,true,true,"FIT:5|BATTLE:0|BOOST:0|MUVO:0|EFIT:5",1791163095,1791163121
"2026-10-04 22:19:09","509",17,0,2,0,"IN_SERVICE",true,true,true,"FIT:15|BATTLE:0|BOOST:0|MUVO:0|EFIT:2",1791163090,1791163121
"2026-10-04 22:19:09","518",6,1,4,0,"IN_SERVICE",true,true,true,"FIT:5|BATTLE:0|BOOST:0|MUVO:0|EFIT:1",1791163023,1791163121
"2026-10-04 22:19:09","519",6,0,9,0,"IN_SERVICE",true,true,true,"FIT:4|BATTLE:0|BOOST:0|MUVO:0|EFIT:2",1791162939,1791163121
"2026-10-04 22:19:09","520",2,2,7,0,"IN_SERVICE",true,true,true,"FIT:0|BATTLE:0|BOOST:0|MUVO:0|EFIT:2",1791163059,1791163121
"2026-10-04 22:19:09","521",11,0,6,0,"IN_SERVICE",true,true,true,"FIT:10|BATTLE:0|BOOST:0|MUVO:0|EFIT:1",1791162957,1791163121
"2026-10-04 22:19:09","522",3,0,16,0,"IN_SERVICE",true,true,true,"FIT:3|BATTLE:0|BOOST:0|MUVO:0|EFIT:0",1791116992,1791163121
"2026-10-04 22:19:09","523",17,1,1,0,"IN_SERVICE",true,true,true,"FIT:15|BATTLE:0|BOOST:0|MUVO:0|EFIT:2",1791162967,1791163121
"2026-10-04 22:19:09","524",5,0,11,0,"IN_SERVICE",true,true,true,"FIT:5|BATTLE:0|BOOST:0|MUVO:0|EFIT:0",1791163093,1791163121
"2026-10-04 22:19:09","525",3,0,16,0,"IN_SERVICE",true,true,true,"FIT:3|BATTLE:0|BOOST:0|MUVO:0|EFIT:0",1791163079,1791163121
"2026-10-04 22:19:09","526",6,0,9,0,"IN_SERVICE",true,true,true,"FIT:6|BATTLE:0|BOOST:0|MUVO:0|EFIT:0",1791163027,1791163121
"2026-10-04 22:19:09","528",4,0,10,1,"IN_SERVICE",true,true,true,"FIT:4|BATTLE:0|BOOST:0|MUVO:0|EFIT:0",1791163033,1791163121
"2026-10-04 22:19:09","529",1,0,14,0,"IN_SERVICE",true,true,true,"FIT:1|BATTLE:0|BOOST:0|MUVO:0|EFIT:0",1791163070,1791163121
"2026-10-04 22:19:09","530",3,0,16,0,"IN_SERVICE",true,true,true,"FIT:3|BATTLE:0|BOOST:0|MUVO:0|EFIT:0",1791163121,1791163121
"2026-10-04 22:19:09","531",5,0,12,0,"IN_SERVICE",true,true,true,"FIT:5|BATTLE:0|BOOST:0|MUVO:0|EFIT:0",1791163026,1791163121
"2026-10-04 22:19:09","536",1,0,10,0,"IN_SERVICE",true,true,true,"FIT:1|BATTLE:0|BOOST:0|MUVO:0|EFIT:0",1791163090,1791163121
"2026-10-04 22:19:09","538",11,0,0,0,"IN_SERVICE",true,true,true,"FIT:11|BATTLE:0|BOOST:0|MUVO:0|EFIT:0",1791162944,1791163121
"2026-10-04 22:19:09","539",3,0,12,0,"IN_SERVICE",true,true,true,"FIT:3|BATTLE:0|BOOST:0|MUVO:0|EFIT:0",1791163049,1791163121
"2026-10-04 22:19:09","540",7,0,8,0,"IN_SERVICE",true,true,true,"FIT:7|BATTLE:0|BOOST:0|MUVO:0|EFIT:0",1791163039,1791163121
"2026-10-04 22:19:09","541",2,0,13,0,"IN_SERVICE",true,true,true,"FIT:2|BATTLE:0|BOOST:0|MUVO:0|EFIT:0",1791163017,1791163121
"2026-10-04 22:19:09","542",1,0,14,0,"IN_SERVICE",true,true,true,"FIT:1|BATTLE:0|BOOST:0|MUVO:0|EFIT:0",1791163052,1791163121
"2026-10-04 22:19:09","543",0,0,15,0,"IN_SERVICE",true,true,true,"FIT:0|BATTLE:0|BOOST:0|MUVO:0|EFIT:0",1791163111,1791163121
"2026-10-04 22:19:09","548",7,1,7,0,"IN_SERVICE",true,true,true,"FIT:7|BATTLE:0|BOOST:0|MUVO:0|EFIT:0",1791162989,1791163121
"2026-10-04 22:19:09","549",11,4,0,0,"IN_SERVICE",true,true,true,"FIT:8|BATTLE:0|BOOST:0|MUVO:0|EFIT:3",1791163028,1791163121
"2026-10-04 22:19:09","551",4,0,10,1,"IN_SERVICE",true,true,true,"FIT:4|BATTLE:0|BOOST:0|MUVO:0|EFIT:0",1791163099,1791163121
"2026-10-04 22:19:09","555",12,2,1,0,"IN_SERVICE",true,true,true,"FIT:12|BATTLE:0|BOOST:0|MUVO:0|EFIT:0",1791163085,1791163121
"2026-10-04 22:19:09","559",14,0,13,0,"IN_SERVICE",true,true,true,"FIT:13|BATTLE:0|BOOST:0|MUVO:0|EFIT:1",1791163011,1791163121
"2026-10-04 22:19:09","565",10,1,4,0,"IN_SERVICE",true,true,true,"FIT:9|BATTLE:0|BOOST:0|MUVO:0|EFIT:1",1791162953,1791163121
"2026-10-04 22:19:09","566",15,1,1,0,"IN_SERVICE",true,true,true,"FIT:15|BATTLE:0|BOOST:0|MUVO:0|EFIT:0",1791162946,1791163121
"2026-10-04 22:19:09","567",7,0,10,0,"IN_SERVICE",true,true,true,"FIT:6|BATTLE:0|BOOST:0|MUVO:0|EFIT:1",1791163000,1791163121
"2026-10-04 22:19:09","570",3,0,8,0,"IN_SERVICE",true,true,true,"FIT:3|BATTLE:0|BOOST:0|MUVO:0|EFIT:0",1791163023,1791163121
"2026-10-04 22:19:09","572",6,0,17,0,"IN_SERVICE",true,true,true,"FIT:6|BATTLE:0|BOOST:0|MUVO:0|EFIT:0",1791163088,1791163121
"2026-10-04 22:19:09","576",12,0,11,0,"IN_SERVICE",true,true,true,"FIT:7|BATTLE:0|BOOST:0|MUVO:0|EFIT:5",1791163084,1791163121
"2026-10-04 22:19:09","577",13,2,0,0,"IN_SERVICE",true,true,true,"FIT:10|BATTLE:0|BOOST:0|MUVO:0|EFIT:3",1791163070,1791163121
"2026-10-04 22:19:09","590",9,0,1,0,"IN_SERVICE",true,true,true,"FIT:8|BATTLE:0|BOOST:0|MUVO:0|EFIT:1",1791163065,1791163121
"2026-10-04 22:19:09","593",3,0,12,0,"IN_SERVICE",true,true,true,"FIT:2|BATTLE:0|BOOST:0|MUVO:0|EFIT:1",1791163061,1791163121
"2026-10-04 22:19:09","594",18,0,1,0,"IN_SERVICE",true,true,true,"FIT:17|BATTLE:0|BOOST:0|MUVO:0|EFIT:1",1791163013,1791163121
"2026-10-04 22:19:09","595",5,0,8,2,"IN_SERVICE",true,true,true,"FIT:5|BATTLE:0|BOOST:0|MUVO:0|EFIT:0",1791162963,1791163121
"2026-10-04 22:19:09","597",15,1,2,1,"IN_SERVICE",true,true,true,"FIT:12|BATTLE:0|BOOST:0|MUVO:0|EFIT:3",1791163035,1791163121
"2026-10-04 22:19:09","598",0,0,9,0,"IN_SERVICE",true,true,true,"FIT:0|BATTLE:0|BOOST:0|MUVO:0|EFIT:0",1791163035,1791163121
