"coleta","station_id","num_bikes_available","num_bikes_disabled","num_docks_available","status","last_reported"
"2026-10-04 21:49:12","1",4,0,13,"IN_SERVICE",1791161186
"2026-10-04 21:49:12","2",7,0,11,"IN_SERVICE",1791161233
"2026-10-04 21:49:12","3",3,1,13,"IN_SERVICE",1791161304
"2026-10-04 21:49:12","4",12,0,5,"IN_SERVICE",1791161187
"2026-10-04 21:49:12","5",13,0,10,"IN_SERVICE",1791161273
"2026-10-04 21:49:12","6",6,0,12,"IN_SERVICE",1791161201
"2026-10-04 21:49:12","7",1,0,18,"IN_SERVICE",1791161265
"2026-10-04 21:49:12","8",12,0,11,"IN_SERVICE",1791161322
"2026-10-04 21:49:12","9",2,0,21,"IN_SERVICE",1791161290
"2026-10-04 21:49:12","10",13,0,6,"IN_SERVICE",1791161195
"2026-10-04 21:49:12","11",15,1,1,"IN_SERVICE",1791161330
"2026-10-04 21:49:12","12",14,1,4,"IN_SERVICE",1791161260
"2026-10-04 21:49:12","14",4,1,18,"IN_SERVICE",1791161160
"2026-10-04 21:49:12","15",1,0,14,"IN_SERVICE",1791161252
"2026-10-04 21:49:12","16",4,1,18,"IN_SERVICE",1791161294
"2026-10-04 21:49:12","17",14,0,5,"IN_SERVICE",1791161198
"2026-10-04 21:49:12","18",10,0,5,"IN_SERVICE",1791161208
"2026-10-04 21:49:12","19",0,0,11,"IN_SERVICE",1791161229
"2026-10-04 21:49:12","20",16,2,4,"IN_SERVICE",1791161327
"2026-10-04 21:49:12","21",10,2,4,"IN_SERVICE",1791161251
"2026-10-04 21:49:12","22",2,1,12,"IN_SERVICE",1791161328
"2026-10-04 21:49:12","23",12,1,7,"IN_SERVICE",1791161171
"2026-10-04 21:49:12","24",8,2,13,"IN_SERVICE",1791161293
"2026-10-04 21:49:12","25",7,1,12,"IN_SERVICE",1791161212
"2026-10-04 21:49:12","26",10,0,13,"IN_SERVICE",1791161238
"2026-10-04 21:49:12","27",10,8,12,"IN_SERVICE",1791161228
"2026-10-04 21:49:12","28",24,5,0,"IN_SERVICE",1791161151
"2026-10-04 21:49:12","30",2,0,14,"IN_SERVICE",1791161304
"2026-10-04 21:49:12","31",11,1,19,"IN_SERVICE",1791161285
"2026-10-04 21:49:12","32",25,1,1,"IN_SERVICE",1791161182
"2026-10-04 21:49:12","33",4,1,7,"IN_SERVICE",1791161228
"2026-10-04 21:49:12","34",24,1,6,"IN_SERVICE",1791161168
"2026-10-04 21:49:12","35",2,0,33,"IN_SERVICE",1791161232
"2026-10-04 21:49:12","36",9,0,6,"IN_SERVICE",1791161259
"2026-10-04 21:49:12","37",8,0,7,"IN_SERVICE",1791161182
"2026-10-04 21:49:12","38",11,0,20,"IN_SERVICE",1791161325
"2026-10-04 21:49:12","39",6,1,5,"IN_SERVICE",1791161262
"2026-10-04 21:49:12","40",5,3,11,"IN_SERVICE",1791161258
"2026-10-04 21:49:12","41",3,0,16,"IN_SERVICE",1791161322
"2026-10-04 21:49:12","42",3,0,16,"IN_SERVICE",1791161275
"2026-10-04 21:49:12","43",11,1,5,"IN_SERVICE",1791161301
"2026-10-04 21:49:12","44",10,1,8,"IN_SERVICE",1791161304
"2026-10-04 21:49:12","45",7,2,10,"IN_SERVICE",1791161185
"2026-10-04 21:49:12","46",3,4,17,"IN_SERVICE",1791161249
"2026-10-04 21:49:12","47",6,1,8,"IN_SERVICE",1791161256
"2026-10-04 21:49:12","48",4,3,12,"IN_SERVICE",1791161300
"2026-10-04 21:49:12","49",2,0,12,"IN_SERVICE",1791161309
"2026-10-04 21:49:12","50",1,0,21,"IN_SERVICE",1791161309
"2026-10-04 21:49:12","51",13,0,3,"IN_SERVICE",1791161180
"2026-10-04 21:49:12","52",3,0,11,"IN_SERVICE",1791161211
"2026-10-04 21:49:12","53",2,0,9,"IN_SERVICE",1791161182
"2026-10-04 21:49:12","54",7,0,12,"IN_SERVICE",1791161170
"2026-10-04 21:49:12","55",2,0,15,"IN_SERVICE",1791161164
"2026-10-04 21:49:12","56",18,1,4,"IN_SERVICE",1791161326
"2026-10-04 21:49:12","57",10,0,5,"IN_SERVICE",1791161154
"2026-10-04 21:49:12","58",4,0,18,"IN_SERVICE",1791161188
"2026-10-04 21:49:12","59",0,0,11,"IN_SERVICE",1791161284
"2026-10-04 21:49:12","60",13,0,2,"IN_SERVICE",1791161269
"2026-10-04 21:49:12","61",8,0,9,"IN_SERVICE",1791161181
"2026-10-04 21:49:12","62",6,1,8,"IN_SERVICE",1791161298
"2026-10-04 21:49:12","63",11,0,3,"IN_SERVICE",1791161248
"2026-10-04 21:49:12","64",7,1,11,"IN_SERVICE",1791161231
"2026-10-04 21:49:12","65",10,0,12,"IN_SERVICE",1791161292
"2026-10-04 21:49:12","66",5,0,6,"IN_SERVICE",1791161247
"2026-10-04 21:49:12","67",9,0,6,"IN_SERVICE",1791161316
"2026-10-04 21:49:12","68",17,1,5,"IN_SERVICE",1791161183
"2026-10-04 21:49:12","69",15,0,8,"IN_SERVICE",1791161163
"2026-10-04 21:49:12","70",18,1,4,"IN_SERVICE",1791161195
"2026-10-04 21:49:12","71",11,0,8,"IN_SERVICE",1791161162
"2026-10-04 21:49:12","73",5,0,18,"IN_SERVICE",1791161250
"2026-10-04 21:49:12","74",12,1,2,"IN_SERVICE",1791161181
"2026-10-04 21:49:12","75",12,1,2,"IN_SERVICE",1791161328
"2026-10-04 21:49:12","76",1,1,17,"IN_SERVICE",1791161193
"2026-10-04 21:49:12","77",3,0,14,"IN_SERVICE",1791161283
"2026-10-04 21:49:12","78",6,3,2,"IN_SERVICE",1791161292
"2026-10-04 21:49:12","79",4,0,5,"IN_SERVICE",1791084643
"2026-10-04 21:49:12","80",13,2,3,"IN_SERVICE",1791161163
"2026-10-04 21:49:12","81",3,2,11,"IN_SERVICE",1791161285
"2026-10-04 21:49:12","82",5,3,20,"IN_SERVICE",1791161294
"2026-10-04 21:49:12","83",9,2,17,"IN_SERVICE",1791161182
"2026-10-04 21:49:12","84",6,1,8,"IN_SERVICE",1791161174
"2026-10-04 21:49:12","85",6,1,16,"IN_SERVICE",1791161155
"2026-10-04 21:49:12","86",22,0,12,"IN_SERVICE",1791161297
"2026-10-04 21:49:12","87",0,1,18,"IN_SERVICE",1791161283
"2026-10-04 21:49:12","88",10,0,9,"IN_SERVICE",1791161263
"2026-10-04 21:49:12","89",13,1,1,"IN_SERVICE",1791161276
"2026-10-04 21:49:12","90",9,1,2,"IN_SERVICE",1791161300
"2026-10-04 21:49:12","91",1,0,10,"IN_SERVICE",1791161247
"2026-10-04 21:49:12","92",13,0,2,"IN_SERVICE",1791161206
"2026-10-04 21:49:12","93",8,1,5,"IN_SERVICE",1791161210
"2026-10-04 21:49:12","94",14,0,1,"IN_SERVICE",1791161270
"2026-10-04 21:49:12","95",16,0,1,"IN_SERVICE",1791161321
"2026-10-04 21:49:12","96",14,2,2,"IN_SERVICE",1791161183
"2026-10-04 21:49:12","97",12,0,3,"IN_SERVICE",1791161149
"2026-10-04 21:49:12","98",12,0,2,"IN_SERVICE",1791149976
"2026-10-04 21:49:12","99",9,1,1,"IN_SERVICE",1791161246
"2026-10-04 21:49:12","100",5,2,5,"IN_SERVICE",1791161325
"2026-10-04 21:49:12","101",16,1,2,"IN_SERVICE",1791161177
"2026-10-04 21:49:12","102",5,2,20,"IN_SERVICE",1791161309
"2026-10-04 21:49:12","103",11,0,4,"IN_SERVICE",1791161239
"2026-10-04 21:49:12","104",10,0,1,"IN_SERVICE",1791161278
"2026-10-04 21:49:12","105",5,1,10,"IN_SERVICE",1791161181
"2026-10-04 21:49:12","107",2,2,15,"IN_SERVICE",1791161310
"2026-10-04 21:49:12","109",9,0,26,"IN_SERVICE",1791161293
"2026-10-04 21:49:12","111",14,0,5,"IN_SERVICE",1791161281
"2026-10-04 21:49:12","112",11,0,8,"IN_SERVICE",1791161239
"2026-10-04 21:49:12","113",0,0,15,"IN_SERVICE",1791161320
"2026-10-04 21:49:12","114",1,0,20,"IN_SERVICE",1791161196
"2026-10-04 21:49:12","116",16,3,0,"IN_SERVICE",1791161289
"2026-10-04 21:49:12","117",24,0,3,"IN_SERVICE",1791161160
"2026-10-04 21:49:12","118",1,0,14,"IN_SERVICE",1791152266
"2026-10-04 21:49:12","119",5,0,6,"IN_SERVICE",1791161231
"2026-10-04 21:49:12","120",15,0,8,"IN_SERVICE",1791161321
"2026-10-04 21:49:12","121",7,0,16,"IN_SERVICE",1791161177
"2026-10-04 21:49:12","122",11,1,11,"IN_SERVICE",1791161294
"2026-10-04 21:49:12","123",7,1,6,"IN_SERVICE",1791161183
"2026-10-04 21:49:12","124",5,4,6,"IN_SERVICE",1791161164
"2026-10-04 21:49:12","125",18,1,0,"IN_SERVICE",1791161243
"2026-10-04 21:49:12","126",2,2,11,"IN_SERVICE",1791161176
"2026-10-04 21:49:12","127",1,0,13,"IN_SERVICE",1791161209
"2026-10-04 21:49:12","128",7,0,12,"IN_SERVICE",1791161170
"2026-10-04 21:49:12","129",3,0,8,"IN_SERVICE",1791161312
"2026-10-04 21:49:12","131",2,0,20,"IN_SERVICE",1791161188
"2026-10-04 21:49:12","132",7,0,12,"IN_SERVICE",1791161297
"2026-10-04 21:49:12","133",4,0,11,"IN_SERVICE",1791161180
"2026-10-04 21:49:12","134",2,0,21,"IN_SERVICE",1791161195
"2026-10-04 21:49:12","136",4,0,10,"IN_SERVICE",1791161254
"2026-10-04 21:49:12","137",15,2,2,"IN_SERVICE",1791161150
"2026-10-04 21:49:12","138",11,1,3,"IN_SERVICE",1791161324
"2026-10-04 21:49:12","139",20,0,3,"IN_SERVICE",1791161175
"2026-10-04 21:49:12","140",18,2,8,"IN_SERVICE",1791161221
"2026-10-04 21:49:12","141",4,0,11,"IN_SERVICE",1791161299
"2026-10-04 21:49:12","142",8,0,11,"IN_SERVICE",1791161264
"2026-10-04 21:49:12","143",1,1,13,"IN_SERVICE",1791161296
"2026-10-04 21:49:12","145",0,2,17,"IN_SERVICE",1791161295
"2026-10-04 21:49:12","146",2,0,13,"IN_SERVICE",1791161152
"2026-10-04 21:49:12","148",2,0,13,"IN_SERVICE",1791161210
"2026-10-04 21:49:12","149",0,0,15,"IN_SERVICE",1791161231
"2026-10-04 21:49:12","150",8,2,7,"IN_SERVICE",1791161287
"2026-10-04 21:49:12","152",10,0,1,"IN_SERVICE",1791161162
"2026-10-04 21:49:12","153",5,0,14,"IN_SERVICE",1791161274
"2026-10-04 21:49:12","154",12,0,5,"IN_SERVICE",1791161163
"2026-10-04 21:49:12","155",6,0,13,"IN_SERVICE",1791161163
"2026-10-04 21:49:12","157",0,0,2,"IN_SERVICE",1791133306
"2026-10-04 21:49:12","158",12,1,6,"IN_SERVICE",1791161230
"2026-10-04 21:49:12","159",4,1,10,"IN_SERVICE",1791161320
"2026-10-04 21:49:12","160",3,0,10,"IN_SERVICE",1791161315
"2026-10-04 21:49:12","161",3,3,5,"IN_SERVICE",1791161181
"2026-10-04 21:49:12","162",2,0,15,"IN_SERVICE",1791161292
"2026-10-04 21:49:12","163",11,2,4,"IN_SERVICE",1791161168
"2026-10-04 21:49:12","164",13,0,4,"IN_SERVICE",1791161278
"2026-10-04 21:49:12","165",4,1,10,"IN_SERVICE",1791161178
"2026-10-04 21:49:12","166",10,0,1,"IN_SERVICE",1791161250
"2026-10-04 21:49:12","167",18,2,11,"IN_SERVICE",1791161175
"2026-10-04 21:49:12","168",3,0,16,"IN_SERVICE",1791161287
"2026-10-04 21:49:12","169",9,5,2,"IN_SERVICE",1791161211
"2026-10-04 21:49:12","170",3,0,11,"IN_SERVICE",1791161285
"2026-10-04 21:49:12","171",0,0,11,"IN_SERVICE",1791161316
"2026-10-04 21:49:12","172",10,0,1,"IN_SERVICE",1791161167
"2026-10-04 21:49:12","173",15,0,0,"IN_SERVICE",1791161246
"2026-10-04 21:49:12","174",0,0,14,"IN_SERVICE",1791161162
"2026-10-04 21:49:12","175",19,2,1,"IN_SERVICE",1791161232
"2026-10-04 21:49:12","176",3,0,12,"IN_SERVICE",1791161168
"2026-10-04 21:49:12","177",2,0,13,"IN_SERVICE",1791161291
"2026-10-04 21:49:12","178",5,1,12,"IN_SERVICE",1791161221
"2026-10-04 21:49:12","179",17,0,2,"IN_SERVICE",1791161168
"2026-10-04 21:49:12","180",15,0,0,"IN_SERVICE",1791161260
"2026-10-04 21:49:12","181",13,0,2,"IN_SERVICE",1791161278
"2026-10-04 21:49:12","182",11,0,8,"IN_SERVICE",1791161161
"2026-10-04 21:49:12","183",1,0,18,"IN_SERVICE",1791161195
"2026-10-04 21:49:12","184",5,0,14,"IN_SERVICE",1791161258
"2026-10-04 21:49:12","185",10,3,5,"IN_SERVICE",1791161181
"2026-10-04 21:49:12","186",9,0,2,"IN_SERVICE",1791161174
"2026-10-04 21:49:12","187",4,0,13,"IN_SERVICE",1791161304
"2026-10-04 21:49:12","188",15,0,1,"IN_SERVICE",1791161249
"2026-10-04 21:49:12","189",13,0,2,"IN_SERVICE",1791161154
"2026-10-04 21:49:12","190",18,1,12,"IN_SERVICE",1791161249
"2026-10-04 21:49:12","192",9,0,1,"IN_SERVICE",1791161207
"2026-10-04 21:49:12","193",5,0,10,"IN_SERVICE",1791161254
"2026-10-04 21:49:12","194",10,0,7,"IN_SERVICE",1791161317
"2026-10-04 21:49:12","195",11,0,4,"IN_SERVICE",1791161224
"2026-10-04 21:49:12","196",11,2,2,"IN_SERVICE",1791161212
"2026-10-04 21:49:12","197",7,0,7,"IN_SERVICE",1791161311
"2026-10-04 21:49:12","198",10,1,4,"IN_SERVICE",1791161249
"2026-10-04 21:49:12","199",17,0,10,"IN_SERVICE",1791161149
"2026-10-04 21:49:12","200",13,0,2,"IN_SERVICE",1791161173
"2026-10-04 21:49:12","201",7,0,8,"IN_SERVICE",1791161256
"2026-10-04 21:49:12","202",4,0,15,"IN_SERVICE",1791161230
"2026-10-04 21:49:12","203",10,0,8,"IN_SERVICE",1791154146
"2026-10-04 21:49:12","204",1,0,16,"IN_SERVICE",1791161181
"2026-10-04 21:49:12","205",3,0,14,"IN_SERVICE",1791161296
"2026-10-04 21:49:12","206",1,0,14,"IN_SERVICE",1791161206
"2026-10-04 21:49:12","207",15,0,8,"IN_SERVICE",1791161174
"2026-10-04 21:49:12","208",4,0,13,"IN_SERVICE",1791161217
"2026-10-04 21:49:12","209",16,0,3,"IN_SERVICE",1791161177
"2026-10-04 21:49:12","210",11,0,18,"IN_SERVICE",1791161194
"2026-10-04 21:49:12","212",2,0,12,"IN_SERVICE",1791161163
"2026-10-04 21:49:12","213",7,0,12,"IN_SERVICE",1791161221
"2026-10-04 21:49:12","214",4,0,17,"IN_SERVICE",1791161292
"2026-10-04 21:49:12","215",8,0,14,"IN_SERVICE",1791161306
"2026-10-04 21:49:12","217",7,0,8,"IN_SERVICE",1791161306
"2026-10-04 21:49:12","220",5,1,13,"IN_SERVICE",1791161291
"2026-10-04 21:49:12","221",3,4,6,"IN_SERVICE",1791161199
"2026-10-04 21:49:12","222",1,0,15,"IN_SERVICE",1791161164
"2026-10-04 21:49:12","223",1,0,16,"IN_SERVICE",1791161282
"2026-10-04 21:49:12","224",12,0,3,"IN_SERVICE",1791161301
"2026-10-04 21:49:12","225",5,0,6,"IN_SERVICE",1791161256
"2026-10-04 21:49:12","226",15,1,7,"IN_SERVICE",1791161188
"2026-10-04 21:49:12","228",7,0,10,"IN_SERVICE",1791161240
"2026-10-04 21:49:12","229",13,0,3,"IN_SERVICE",1791161234
"2026-10-04 21:49:12","230",16,2,1,"IN_SERVICE",1791161223
"2026-10-04 21:49:12","231",10,2,0,"IN_SERVICE",1791161290
"2026-10-04 21:49:12","232",20,1,8,"IN_SERVICE",1791161248
"2026-10-04 21:49:12","233",13,0,18,"IN_SERVICE",1791161313
"2026-10-04 21:49:12","234",8,1,6,"IN_SERVICE",1791161168
"2026-10-04 21:49:12","235",7,1,6,"IN_SERVICE",1791161204
"2026-10-04 21:49:12","236",13,2,0,"IN_SERVICE",1791161236
"2026-10-04 21:49:12","237",0,0,14,"IN_SERVICE",1791161314
"2026-10-04 21:49:12","238",4,0,10,"IN_SERVICE",1791161153
"2026-10-04 21:49:12","239",2,1,12,"IN_SERVICE",1791161232
"2026-10-04 21:49:12","240",0,0,0,"IN_SERVICE",1791161180
"2026-10-04 21:49:12","241",0,0,15,"IN_SERVICE",1791161231
"2026-10-04 21:49:12","242",5,3,7,"IN_SERVICE",1791161160
"2026-10-04 21:49:12","244",5,0,6,"IN_SERVICE",1791161189
"2026-10-04 21:49:12","246",1,1,13,"IN_SERVICE",1791161301
"2026-10-04 21:49:12","247",4,0,14,"IN_SERVICE",1791161175
"2026-10-04 21:49:12","248",4,0,11,"IN_SERVICE",1791161218
"2026-10-04 21:49:12","250",6,0,5,"IN_SERVICE",1791161227
"2026-10-04 21:49:12","252",3,0,16,"IN_SERVICE",1791161327
"2026-10-04 21:49:12","253",2,0,9,"IN_SERVICE",1791161208
"2026-10-04 21:49:12","254",7,0,4,"IN_SERVICE",1791161239
"2026-10-04 21:49:12","255",0,0,11,"IN_SERVICE",1791161244
"2026-10-04 21:49:12","256",6,0,9,"IN_SERVICE",1791161324
"2026-10-04 21:49:12","257",5,0,18,"IN_SERVICE",1791161271
"2026-10-04 21:49:12","259",8,0,8,"IN_SERVICE",1791161301
"2026-10-04 21:49:12","260",4,0,23,"IN_SERVICE",1791161243
"2026-10-04 21:49:12","261",11,0,4,"IN_SERVICE",1791161177
"2026-10-04 21:49:12","262",8,0,6,"IN_SERVICE",1791161224
"2026-10-04 21:49:12","263",4,0,7,"IN_SERVICE",1791161290
"2026-10-04 21:49:12","271",11,0,0,"IN_SERVICE",1791161290
"2026-10-04 21:49:12","273",0,0,16,"IN_SERVICE",1791161278
"2026-10-04 21:49:12","285",4,0,6,"IN_SERVICE",1791161269
"2026-10-04 21:49:12","287",3,1,7,"IN_SERVICE",1791161289
"2026-10-04 21:49:12","290",1,0,10,"IN_SERVICE",1791161197
"2026-10-04 21:49:12","293",0,1,18,"IN_SERVICE",1791161158
"2026-10-04 21:49:12","295",1,1,17,"IN_SERVICE",1791161268
"2026-10-04 21:49:12","299",10,0,1,"IN_SERVICE",1791161276
"2026-10-04 21:49:12","304",0,0,11,"IN_SERVICE",1791161252
"2026-10-04 21:49:12","305",5,0,18,"IN_SERVICE",1791161296
"2026-10-04 21:49:12","313",9,0,2,"IN_SERVICE",1791161227
"2026-10-04 21:49:12","314",7,0,10,"IN_SERVICE",1791161235
"2026-10-04 21:49:12","329",5,2,10,"IN_SERVICE",1791161260
"2026-10-04 21:49:12","330",2,1,9,"IN_SERVICE",1791161321
"2026-10-04 21:49:12","336",11,0,6,"IN_SERVICE",1791161221
"2026-10-04 21:49:12","337",14,0,5,"IN_SERVICE",1791161192
"2026-10-04 21:49:12","338",12,0,11,"IN_SERVICE",1791161277
"2026-10-04 21:49:12","339",10,0,6,"IN_SERVICE",1791161305
"2026-10-04 21:49:12","340",15,0,0,"IN_SERVICE",1791161303
"2026-10-04 21:49:12","342",0,0,11,"IN_SERVICE",1791161195
"2026-10-04 21:49:12","343",1,1,13,"IN_SERVICE",1791161165
"2026-10-04 21:49:12","344",13,1,1,"IN_SERVICE",1791161261
"2026-10-04 21:49:12","345",14,0,13,"IN_SERVICE",1791161296
"2026-10-04 21:49:12","346",18,0,11,"IN_SERVICE",1791161323
"2026-10-04 21:49:12","347",2,1,24,"IN_SERVICE",1791161199
"2026-10-04 21:49:12","349",6,2,7,"IN_SERVICE",1791161266
"2026-10-04 21:49:12","350",4,0,19,"IN_SERVICE",1791161312
"2026-10-04 21:49:12","351",2,0,17,"IN_SERVICE",1791161276
"2026-10-04 21:49:12","352",5,0,6,"IN_SERVICE",1791161310
"2026-10-04 21:49:12","353",1,0,13,"IN_SERVICE",1791161236
"2026-10-04 21:49:12","354",9,1,0,"IN_SERVICE",1791161313
"2026-10-04 21:49:12","355",9,0,2,"IN_SERVICE",1791161262
"2026-10-04 21:49:12","356",12,0,3,"IN_SERVICE",1791161245
"2026-10-04 21:49:12","357",6,0,11,"IN_SERVICE",1791161290
"2026-10-04 21:49:12","358",2,0,13,"IN_SERVICE",1791161212
"2026-10-04 21:49:12","360",8,0,3,"IN_SERVICE",1791161227
"2026-10-04 21:49:12","361",5,0,10,"IN_SERVICE",1791161153
"2026-10-04 21:49:12","362",2,2,19,"IN_SERVICE",1791161218
"2026-10-04 21:49:12","363",6,0,5,"IN_SERVICE",1791161199
"2026-10-04 21:49:12","364",13,2,8,"IN_SERVICE",1791161214
"2026-10-04 21:49:12","365",2,0,9,"IN_SERVICE",1791161170
"2026-10-04 21:49:12","366",1,0,26,"IN_SERVICE",1791161238
"2026-10-04 21:49:12","367",1,0,30,"IN_SERVICE",1791161192
"2026-10-04 21:49:12","370",8,2,7,"IN_SERVICE",1791161315
"2026-10-04 21:49:12","371",12,3,0,"IN_SERVICE",1791161269
"2026-10-04 21:49:12","372",3,1,11,"IN_SERVICE",1791161226
"2026-10-04 21:49:12","373",4,0,10,"IN_SERVICE",1791161318
"2026-10-04 21:49:12","374",18,0,1,"IN_SERVICE",1791161308
"2026-10-04 21:49:12","375",5,0,9,"IN_SERVICE",1791161323
"2026-10-04 21:49:12","376",1,0,10,"IN_SERVICE",1791161197
"2026-10-04 21:49:12","377",19,0,0,"IN_SERVICE",1791161271
"2026-10-04 21:49:12","378",15,0,0,"IN_SERVICE",1791161178
"2026-10-04 21:49:12","379",3,0,14,"IN_SERVICE",1791161223
"2026-10-04 21:49:12","381",15,0,0,"IN_SERVICE",1791161284
"2026-10-04 21:49:12","382",6,0,13,"IN_SERVICE",1791161198
"2026-10-04 21:49:12","383",3,0,8,"IN_SERVICE",1791161224
"2026-10-04 21:49:12","384",2,1,12,"IN_SERVICE",1791161257
"2026-10-04 21:49:12","389",2,0,9,"IN_SERVICE",1791161229
"2026-10-04 21:49:12","391",13,0,4,"IN_SERVICE",1791161147
"2026-10-04 21:49:12","404",15,2,10,"IN_SERVICE",1791161279
"2026-10-04 21:49:12","416",7,0,8,"IN_SERVICE",1791161186
"2026-10-04 21:49:12","417",9,0,5,"IN_SERVICE",1791161301
"2026-10-04 21:49:12","418",12,2,5,"IN_SERVICE",1791161291
"2026-10-04 21:49:12","419",14,0,3,"IN_SERVICE",1791161216
"2026-10-04 21:49:12","421",4,0,18,"IN_SERVICE",1791161295
"2026-10-04 21:49:12","422",5,0,6,"IN_SERVICE",1791161325
"2026-10-04 21:49:12","424",13,0,6,"IN_SERVICE",1791161194
"2026-10-04 21:49:12","425",5,2,20,"IN_SERVICE",1791161249
"2026-10-04 21:49:12","426",8,0,7,"IN_SERVICE",1791161161
"2026-10-04 21:49:12","427",4,0,11,"IN_SERVICE",1791161230
"2026-10-04 21:49:12","429",3,1,11,"IN_SERVICE",1791161242
"2026-10-04 21:49:12","430",4,1,10,"IN_SERVICE",1791161176
"2026-10-04 21:49:12","431",8,0,3,"IN_SERVICE",1791161197
"2026-10-04 21:49:12","432",8,1,2,"IN_SERVICE",1791161305
"2026-10-04 21:49:12","433",7,0,3,"IN_SERVICE",1791161287
"2026-10-04 21:49:12","434",14,0,8,"IN_SERVICE",1791161156
"2026-10-04 21:49:12","435",13,2,4,"IN_SERVICE",1791161321
"2026-10-04 21:49:12","436",5,1,5,"IN_SERVICE",1791161329
"2026-10-04 21:49:12","437",10,1,0,"IN_SERVICE",1791161310
"2026-10-04 21:49:12","438",8,0,3,"IN_SERVICE",1791161153
"2026-10-04 21:49:12","439",2,0,13,"IN_SERVICE",1791161292
"2026-10-04 21:49:12","440",3,0,8,"IN_SERVICE",1791161176
"2026-10-04 21:49:12","442",1,2,8,"IN_SERVICE",1791161165
"2026-10-04 21:49:12","443",7,2,17,"IN_SERVICE",1791161246
"2026-10-04 21:49:12","446",1,2,14,"IN_SERVICE",1791161229
"2026-10-04 21:49:12","448",7,0,4,"IN_SERVICE",1791161204
"2026-10-04 21:49:12","451",6,1,3,"IN_SERVICE",1791161273
"2026-10-04 21:49:12","452",7,0,12,"IN_SERVICE",1791161151
"2026-10-04 21:49:12","454",2,0,13,"IN_SERVICE",1791161205
"2026-10-04 21:49:12","455",2,0,9,"IN_SERVICE",1791161177
"2026-10-04 21:49:12","459",15,0,2,"IN_SERVICE",1791161149
"2026-10-04 21:49:12","460",1,0,22,"IN_SERVICE",1791161188
"2026-10-04 21:49:12","461",5,0,10,"IN_SERVICE",1791161168
"2026-10-04 21:49:12","462",2,1,12,"IN_SERVICE",1791161280
"2026-10-04 21:49:12","463",8,1,6,"IN_SERVICE",1791161313
"2026-10-04 21:49:12","464",4,0,7,"IN_SERVICE",1791161235
"2026-10-04 21:49:12","466",8,0,11,"IN_SERVICE",1791161168
"2026-10-04 21:49:12","467",12,0,3,"IN_SERVICE",1791161300
"2026-10-04 21:49:12","468",12,1,6,"IN_SERVICE",1791161265
"2026-10-04 21:49:12","469",13,1,5,"IN_SERVICE",1791161219
"2026-10-04 21:49:12","470",8,0,11,"IN_SERVICE",1791161276
"2026-10-04 21:49:12","471",4,2,13,"IN_SERVICE",1791161269
"2026-10-04 21:49:12","473",4,1,6,"IN_SERVICE",1791161160
"2026-10-04 21:49:12","474",15,0,0,"IN_SERVICE",1791161283
"2026-10-04 21:49:12","477",3,0,12,"IN_SERVICE",1791161310
"2026-10-04 21:49:12","479",13,1,5,"IN_SERVICE",1791161246
"2026-10-04 21:49:12","487",3,1,7,"IN_SERVICE",1791161281
"2026-10-04 21:49:12","488",13,0,2,"IN_SERVICE",1791161265
"2026-10-04 21:49:12","489",7,1,14,"IN_SERVICE",1791161298
"2026-10-04 21:49:12","490",2,0,9,"IN_SERVICE",1791161240
"2026-10-04 21:49:12","491",4,2,11,"IN_SERVICE",1791161269
"2026-10-04 21:49:12","492",4,0,11,"IN_SERVICE",1791161251
"2026-10-04 21:49:12","493",6,0,11,"IN_SERVICE",1791161212
"2026-10-04 21:49:12","494",6,0,13,"IN_SERVICE",1791161312
"2026-10-04 21:49:12","495",11,0,8,"IN_SERVICE",1791161178
"2026-10-04 21:49:12","497",4,0,11,"IN_SERVICE",1791161154
"2026-10-04 21:49:12","498",2,0,17,"IN_SERVICE",1791161252
"2026-10-04 21:49:12","499",1,0,10,"IN_SERVICE",1791161227
"2026-10-04 21:49:12","500",8,0,3,"IN_SERVICE",1791161294
"2026-10-04 21:49:12","501",15,1,6,"IN_SERVICE",1791161203
"2026-10-04 21:49:12","503",21,0,6,"IN_SERVICE",1791161230
"2026-10-04 21:49:12","504",5,0,6,"IN_SERVICE",1791161251
"2026-10-04 21:49:12","505",4,0,15,"IN_SERVICE",1791161328
"2026-10-04 21:49:12","506",4,1,22,"IN_SERVICE",1791161311
"2026-10-04 21:49:12","508",10,0,9,"IN_SERVICE",1791161227
"2026-10-04 21:49:12","509",17,0,2,"IN_SERVICE",1791161257
"2026-10-04 21:49:12","518",5,1,5,"IN_SERVICE",1791161203
"2026-10-04 21:49:12","519",4,0,11,"IN_SERVICE",1791161303
"2026-10-04 21:49:12","520",2,2,7,"IN_SERVICE",1791161222
"2026-10-04 21:49:12","521",14,0,3,"IN_SERVICE",1791161319
"2026-10-04 21:49:12","522",3,0,16,"IN_SERVICE",1791116992
"2026-10-04 21:49:12","523",17,1,1,"IN_SERVICE",1791161320
"2026-10-04 21:49:12","524",5,0,11,"IN_SERVICE",1791161283
"2026-10-04 21:49:12","525",3,0,16,"IN_SERVICE",1791161258
"2026-10-04 21:49:12","526",6,0,9,"IN_SERVICE",1791161186
"2026-10-04 21:49:12","528",4,0,10,"IN_SERVICE",1791161225
"2026-10-04 21:49:12","529",1,0,14,"IN_SERVICE",1791161241
"2026-10-04 21:49:12","530",3,0,16,"IN_SERVICE",1791161273
"2026-10-04 21:49:12","531",5,0,12,"IN_SERVICE",1791161193
"2026-10-04 21:49:12","536",1,0,10,"IN_SERVICE",1791161270
"2026-10-04 21:49:12","538",11,0,0,"IN_SERVICE",1791161288
"2026-10-04 21:49:12","539",3,0,12,"IN_SERVICE",1791161227
"2026-10-04 21:49:12","540",7,0,8,"IN_SERVICE",1791161220
"2026-10-04 21:49:12","541",1,0,14,"IN_SERVICE",1791161174
"2026-10-04 21:49:12","542",0,0,15,"IN_SERVICE",1791161242
"2026-10-04 21:49:12","543",0,0,15,"IN_SERVICE",1791161274
"2026-10-04 21:49:12","548",7,1,7,"IN_SERVICE",1791161154
"2026-10-04 21:49:12","549",11,4,0,"IN_SERVICE",1791161197
"2026-10-04 21:49:12","551",5,0,9,"IN_SERVICE",1791161272
"2026-10-04 21:49:12","555",12,2,1,"IN_SERVICE",1791161255
"2026-10-04 21:49:12","559",14,0,13,"IN_SERVICE",1791161171
"2026-10-04 21:49:12","565",10,1,4,"IN_SERVICE",1791161323
"2026-10-04 21:49:12","566",15,1,1,"IN_SERVICE",1791161304
"2026-10-04 21:49:12","567",7,0,10,"IN_SERVICE",1791161163
"2026-10-04 21:49:12","570",3,0,8,"IN_SERVICE",1791161203
"2026-10-04 21:49:12","572",6,0,17,"IN_SERVICE",1791161267
"2026-10-04 21:49:12","576",14,0,9,"IN_SERVICE",1791161265
"2026-10-04 21:49:12","577",13,2,0,"IN_SERVICE",1791161260
"2026-10-04 21:49:12","590",9,0,1,"IN_SERVICE",1791161236
"2026-10-04 21:49:12","593",2,0,13,"IN_SERVICE",1791161229
"2026-10-04 21:49:12","594",18,0,1,"IN_SERVICE",1791161168
"2026-10-04 21:49:12","595",5,0,8,"IN_SERVICE",1791161311
"2026-10-04 21:49:12","597",15,1,2,"IN_SERVICE",1791161199
"2026-10-04 21:49:12","598",0,0,9,"IN_SERVICE",1791161218
